plan_internacional;min_en_dia;min_internacionales;reclamos;llamadas_internacionales;desafiliado
0;265.1;10;1;3;0
0;161.6;13.7;1;3;0
0;243.4;12.2;0;5;0
1;299.4;6.6;2;7;0
1;166.7;10.1;3;3;0
1;223.4;6.3;0;6;0
0;218.2;7.5;3;7;0
1;157;7.1;0;6;0
0;184.5;8.7;1;4;0
1;258.6;11.2;0;5;0
0;129.1;12.7;4;6;1
0;187.7;9.1;0;5;0
0;128.8;11.2;1;2;0
0;156.6;12.3;3;5;0
0;120.7;13.1;4;6;0
0;332.9;5.4;4;9;1
0;196.4;13.8;1;4;0
0;190.7;8.1;3;3;0
0;189.7;10;1;5;0
0;224.4;13;1;2;0
0;155.1;10.6;0;4;0
0;62.4;5.7;5;6;1
0;183;9.5;0;19;0
0;110.4;7.7;2;6;0
0;81.1;10.3;0;2;0
0;124.3;15.5;3;5;0
0;213;9.5;0;3;0
0;134.3;14.7;3;4;0
0;190;6.3;0;6;0
0;119.3;11.1;1;1;0
0;84.8;14.2;2;6;0
0;226.1;10.3;1;5;0
0;212;12.6;3;10;0
0;249.6;11.8;1;3;1
0;176.8;8.3;0;4;0
0;220;14.7;3;6;0
0;146.3;14.5;0;6;0
0;130.8;10;1;5;0
1;203.9;10.5;3;6;0
0;140.4;11.1;1;9;0
0;126.3;9.4;3;2;0
1;173.1;14.6;0;15;1
0;124.8;10;2;4;0
0;85.8;9.2;3;4;0
0;154;3.5;1;3;0
0;120.9;8.5;2;5;0
0;211.3;13.2;3;5;0
0;187;7.4;2;5;0
0;159.1;8.8;5;3;1
0;133.2;11;1;3;0
0;191.9;7.8;3;5;0
0;220.6;6.8;1;3;0
0;186.1;11.4;2;6;0
0;160.2;9.3;2;5;0
0;151;9.7;5;3;1
0;175.5;10.2;1;3;0
0;126.9;8;1;2;0
0;198.4;5.8;3;3;1
0;148.8;12.1;3;3;0
0;229.3;12;1;8;0
0;192.1;11.4;1;4;0
0;268.6;11.6;2;3;0
0;193.7;14.6;2;3;0
0;180.7;12.6;3;3;0
0;131.2;8.2;2;6;0
0;148.1;6.2;2;5;0
1;251.5;9.3;0;4;0
1;125.2;8.3;0;8;0
0;211.6;7.8;1;1;0
0;178.9;13.8;4;3;1
0;241.8;11.8;3;7;0
0;224.9;12.1;0;2;0
0;248.6;8;3;4;0
0;203.4;7.3;1;4;0
0;235.8;12;0;3;0
0;157.1;6.1;1;2;0
0;300.3;11.7;0;4;1
0;61.6;8.2;4;7;1
0;214.1;8.2;2;3;0
0;170.2;15;1;2;0
0;201.1;13.2;1;2;0
1;215.4;12.6;3;5;0
0;165.6;11;3;2;0
0;249.5;9.8;1;4;0
0;210.6;12.4;2;1;1
0;179.3;8.6;0;7;0
0;157.9;8;4;5;1
0;214.3;12;1;2;0
0;154.1;10.9;2;9;0
0;237.9;13.9;1;4;1
0;143.9;11.1;1;2;0
0;203.4;8.9;0;4;1
0;124.3;7.9;1;9;0
0;252.9;9.5;3;7;0
0;179.1;10.6;3;7;0
0;278.4;9.8;1;5;0
0;160.1;13;0;4;0
0;198.2;8.7;4;3;0
0;212.1;5.3;1;5;1
0;251.8;9.8;2;7;1
0;161.2;4.4;4;8;0
0;178.3;14.6;0;5;0
0;151.7;10.5;0;6;0
0;135;12.5;1;9;0
0;170.5;11.3;1;2;0
0;238.1;11.8;4;4;0
0;281.4;9;2;6;0
0;117.9;9.8;1;3;0
0;148.6;10.1;1;1;0
0;229.8;9.6;3;7;0
0;165;8.3;1;8;0
0;185;12.6;2;2;0
0;161;12.1;4;4;0
0;126.7;13.3;1;7;0
0;58.9;9.4;1;3;0
1;196.8;20;0;6;1
0;162.6;14.2;1;3;0
0;282.5;9.4;1;4;1
0;113.7;10;2;3;0
0;239.8;8.7;2;5;0
0;210.2;13.1;1;7;0
0;213.8;7.2;0;3;0
0;190.7;9.8;3;4;0
0;170.9;11.6;1;3;0
0;154.2;9.2;2;5;0
0;201.4;12;1;3;0
0;70.7;9.1;4;3;1
0;187.5;6.4;4;6;1
0;91.7;9.2;2;4;0
0;214.2;9.5;3;4;0
0;145.5;10.9;3;2;0
0;166.3;6.1;1;5;0
0;231;9.5;1;3;0
0;200.3;7.1;4;1;0
0;197;9.1;1;10;0
1;129.9;11.2;3;3;0
0;175.8;5.3;5;4;0
0;203.1;12;3;3;0
0;183.2;11.2;1;8;0
0;205;10.2;2;5;0
0;148.5;12.4;1;3;0
0;200.3;10.5;0;4;0
0;192.6;6.8;3;5;0
0;246.5;11.7;1;4;0
1;167.1;14.1;2;7;1
0;231.9;14.3;3;6;0
0;146.7;13.7;1;3;0
1;271.5;11.7;1;4;0
0;181.5;8.5;1;5;0
0;257.7;11.1;2;4;0
0;193.8;10.6;1;6;0
0;102.8;10.1;1;7;0
0;187.9;7.5;1;6;0
0;226;6.9;1;11;0
0;260.4;11.5;5;4;0
0;178.7;9.8;0;4;0
0;337.4;15.8;0;7;1
0;157.6;13.7;0;2;0
0;183.6;10.2;1;2;0
0;142.1;9.6;1;4;0
0;136.3;7.1;0;5;0
0;217.1;12;0;6;0
0;187.5;10.5;3;5;0
0;98.9;12.2;1;1;0
0;206.3;6.1;1;3;0
0;243.1;12.1;2;2;0
0;189.8;7.5;1;3;0
0;202;10.9;1;3;0
0;170.1;12.8;1;4;0
0;230.9;6.3;0;2;0
0;237.1;13.2;1;2;0
0;182.1;10.6;2;5;0
0;119.3;10.5;3;4;0
0;116.8;14.1;1;2;0
0;219.2;6.1;0;5;0
0;252.6;11.1;2;7;0
0;147.1;12.2;0;3;0
0;202.1;11.5;2;3;0
0;173.5;16.2;3;10;0
0;232.1;0;3;0;0
1;197.1;9.5;4;5;0
0;58.2;11.9;5;1;1
0;115.6;9.9;2;12;0
0;186.1;14.6;2;7;0
1;259.9;8.4;3;3;0
0;214.3;10.8;1;13;0
0;158.7;10.2;1;4;0
0;271.6;10.9;2;3;0
0;160.6;9;1;3;0
0;232.4;9.1;1;3;0
0;133.8;8.9;0;4;0
0;176.9;9.5;1;2;0
0;209.9;8.8;2;4;0
0;137.5;13.4;0;2;0
0;289.5;9.5;1;4;0
0;198.1;6.8;1;6;0
0;149.7;9.7;0;8;0
0;326.5;10.7;2;6;1
1;292.9;13.8;4;7;1
0;83;13;0;3;0
0;145.7;13.1;3;5;0
0;182.3;11.2;2;1;0
0;218;6.4;3;8;0
0;140.6;6.8;2;3;0
0;152.7;9.4;1;4;0
0;106.7;12.1;1;2;0
0;243.8;13.7;2;8;0
0;194.4;10.8;3;5;0
0;213.9;12.2;3;5;0
0;217.2;15.8;3;7;0
0;241.1;11.6;1;10;0
1;203.5;11.9;0;11;0
0;155.2;10.7;1;3;0
0;167.6;12.2;1;6;0
1;226.7;17.6;2;4;1
0;179.3;11.5;3;6;0
0;151.4;10.9;0;3;0
0;180;4.7;3;7;0
0;250.2;13;1;2;1
0;223;7.1;0;12;0
0;183.6;12.2;3;6;0
0;166;10.2;1;6;0
0;136.1;4.4;1;2;0
0;149.3;8.9;2;6;0
0;65.4;13.8;2;1;0
0;213.4;2.7;1;4;0
0;206.9;7.7;3;2;0
0;186.2;9.6;2;3;0
0;280.2;13.3;4;3;0
0;196.6;11.9;0;3;0
1;312;10.5;0;2;1
1;199;11;1;6;0
0;203.1;13.5;3;2;0
0;168.8;10.9;0;2;0
1;173.1;9;1;5;0
0;134.4;10.2;5;2;1
0;202.6;9;2;9;0
0;74.5;9.8;3;7;0
0;83.6;10.7;0;9;0
0;192.2;9.4;1;6;0
0;220.2;12.9;0;5;0
1;135.1;12.3;2;2;1
0;253.4;8.4;1;2;0
0;225;7.1;3;2;0
0;198.5;9.4;0;3;1
0;110.3;9.5;0;5;0
0;60;11.1;0;3;0
0;214.8;10.2;0;5;0
0;181.8;9.2;4;2;0
0;154;11.8;2;4;0
0;157.4;13.9;4;11;1
0;207.9;14.4;4;7;0
0;207;9.1;3;8;0
0;119;9.5;0;3;0
1;143.7;10.9;0;3;0
0;165.9;14.1;4;8;0
0;138.6;9.8;1;3;0
0;84.7;14.5;1;8;0
1;62.6;10.4;1;2;1
0;155.2;8.7;1;4;0
0;164.9;6.7;1;9;0
0;134.5;15.4;1;1;0
0;143.3;11.5;1;3;0
0;168.3;12.5;1;1;0
0;262.4;8.3;2;6;0
0;206.2;11.4;1;6;0
0;225.8;8.4;4;9;0
0;138.3;13.5;3;6;0
0;94.4;4.5;0;4;0
1;160;9.9;2;3;0
0;206.6;14.6;0;3;0
0;134.7;7.7;1;3;0
0;214.4;8;3;13;0
0;192.8;13;3;3;0
0;151.1;10;1;3;0
0;221.4;9.8;3;5;0
1;218.9;11.1;0;4;0
0;189.8;6.5;2;2;1
0;192.7;10.9;2;6;0
1;204.4;10.5;3;6;0
0;172.3;13;2;4;0
0;198.4;10.4;2;6;0
0;211.7;12.2;1;1;0
0;221.6;9;1;2;0
0;197.9;6.7;3;5;0
0;147.5;15.6;2;3;0
0;206.4;8.8;2;5;0
0;205.9;14.5;2;4;0
0;207.6;14.1;0;5;0
0;303.9;5.3;1;3;1
0;230.6;8;0;2;0
0;99.5;9.7;0;3;0
0;177.1;5.9;1;4;0
0;172.7;10.3;5;5;1
0;172.7;9.8;1;3;0
0;204.2;9.5;1;5;0
0;85.7;10.1;2;5;0
0;157.6;11.9;0;1;0
0;215.5;6.6;4;9;0
0;181.5;6.6;1;5;0
0;171.7;11.9;2;4;0
0;266.6;5.9;1;2;1
0;170.4;11.2;0;3;1
0;158;9.1;1;4;0
0;92;10.3;1;10;0
0;234;9.1;2;5;0
0;272.1;8.5;1;10;1
0;296.4;11.4;4;3;1
0;194.4;11.4;0;2;0
0;227.2;8.9;3;4;0
0;248.7;13.2;1;2;1
0;236.3;9.7;1;6;0
0;205.6;10.9;0;3;0
0;94.1;9.8;0;4;0
0;125.2;18.9;0;2;0
0;60.4;12.4;1;3;0
0;121;7.7;2;4;0
0;117.8;7.6;3;3;0
0;232.4;5;3;5;0
1;223.5;9.4;2;2;1
0;176.3;6.2;0;3;0
0;125.2;12.9;1;3;0
0;138.7;10;0;3;0
0;86.3;11.3;1;4;0
0;207;13.4;3;5;0
0;58.8;7.1;0;3;0
0;68.7;11.4;1;4;0
0;239.2;9.5;1;4;0
0;198.3;12.5;0;3;0
0;205.2;14.4;0;12;0
0;192.1;7.9;3;2;0
0;272.6;9.5;1;2;1
0;128.3;12.2;7;5;1
0;169.6;9.3;0;4;0
0;201.3;7.5;1;4;0
0;214.7;8.6;1;4;0
0;169.2;10.6;0;2;0
0;194.1;7;2;7;0
0;233.8;7.6;2;3;0
0;225.1;14.6;0;2;0
0;213;9.1;1;1;1
0;183.9;10.8;1;11;0
0;221.8;14;0;7;0
0;64.6;0;2;0;0
0;154.6;13.3;1;3;0
0;260.2;7.2;3;8;0
0;161.6;12.2;1;5;0
0;220.6;10.5;1;11;0
0;155.9;13.1;3;5;0
0;107;12.8;4;3;1
0;182.5;11.3;4;8;0
1;220.1;10.1;4;4;0
0;152.2;5.3;1;3;0
0;181.5;14.7;2;9;0
1;236.2;13.2;2;2;1
0;166.1;12.7;1;2;0
1;244.6;11.3;1;4;0
0;134.2;8.5;2;2;0
1;149.7;9.2;1;4;0
0;150.1;5.8;1;4;0
1;257.1;8.8;1;6;1
0;124.4;11.3;0;6;0
0;141.7;12;1;5;0
0;230;11.3;2;3;0
0;162.3;10.9;0;2;0
0;350.8;10.1;1;9;1
0;193.3;9.1;4;3;0
0;78.2;18;1;3;0
0;83.4;7.6;1;5;0
0;195.6;16;0;2;0
0;201.8;10.3;1;6;0
0;197;10.6;2;6;0
1;218;12.4;0;1;1
0;164.8;14.8;2;2;0
0;179.2;9.2;2;6;0
0;214;10.6;0;5;0
0;170.5;11.2;2;7;0
0;205.7;6.7;1;18;0
1;165.5;11.5;1;2;1
0;221;6.8;2;4;0
0;242.1;14.7;3;2;0
0;151.6;14.7;1;4;0
1;176.2;5.7;0;4;0
1;196;3.7;1;5;0
0;159.5;7.2;2;4;0
0;230.2;10.7;4;7;0
0;146.7;8.9;3;1;0
0;210.5;8.5;1;5;0
0;102;10.7;1;3;0
0;126;10.2;3;6;0
0;168.4;11.1;1;2;0
0;105.6;8.7;0;3;0
0;206.5;12.4;5;5;0
0;217.1;9.4;2;3;0
0;229.6;10.8;0;2;1
0;278.3;9.7;0;5;0
0;138.6;7.8;0;4;0
0;234.4;2;1;2;1
0;181.5;8.5;1;4;0
0;167.3;10.6;1;5;1
0;121;12;1;1;0
0;221.1;10.6;0;3;0
0;145.8;9.9;1;2;0
0;222.8;11.2;1;6;0
0;183.4;7.5;4;3;0
1;264.3;9.3;0;5;0
0;146;6.8;0;7;0
0;157.1;8.5;4;5;1
1;127.3;10.3;1;3;0
0;187.9;4.8;2;4;0
0;178.8;8.4;2;5;0
0;97.2;10.4;2;6;0
0;259.8;5.4;0;1;0
0;256.5;7;3;5;0
0;169.5;10;0;3;0
0;239.7;8.7;2;3;1
1;171.5;5;1;2;1
0;239.9;9.8;0;2;0
0;142.3;16;1;6;0
0;184.1;7.5;2;6;0
0;206.9;9.3;2;11;0
0;259.9;15.3;1;1;0
0;203.8;12.5;0;3;0
0;248.8;10.3;3;2;0
0;221.6;11.3;1;3;0
1;192.9;10.9;1;4;0
0;122.4;12.5;1;7;0
0;104.9;9.6;1;9;0
0;173.2;11.2;3;5;0
0;119.4;12.4;2;7;0
0;250.3;13.3;2;2;1
0;178.3;11.4;1;4;0
0;243.4;12.8;1;2;0
0;155;11.8;2;5;0
0;288.7;8.6;0;3;0
0;240.4;11.2;1;3;0
0;190.3;8;1;3;0
0;278;8.3;0;4;1
0;155;13.5;1;3;0
0;153.5;6.3;2;2;0
0;273.4;12.3;1;6;0
0;155.3;12.4;0;4;0
0;133.1;6.8;1;3;0
0;246.8;12.6;1;5;0
1;165.4;9.6;2;7;0
0;59.5;11.1;0;6;0
0;138.3;9.6;3;4;0
0;286.7;6.9;2;5;0
0;117.3;12.2;1;3;0
0;264.3;6.3;4;3;0
0;127.9;12.5;0;5;0
0;225.5;9.8;0;2;0
0;149;8.3;0;3;0
0;198.9;14.3;1;9;0
0;256.4;11.1;1;1;1
0;264.8;14.8;1;2;1
0;98.2;9.3;2;2;0
0;159.8;9.7;2;7;0
0;190.6;6;3;3;0
0;184;11;0;3;0
0;261.8;9.6;1;5;0
0;147.9;9.6;3;9;0
0;106.4;10.1;1;5;0
0;133.7;5.9;0;2;0
0;193.5;8.5;0;5;0
1;178.2;13.6;3;3;1
0;226.2;10.5;3;5;1
0;170.4;11.6;1;4;0
0;70.9;11.1;3;5;0
0;194.4;17.2;2;9;0
0;240.3;10.6;1;2;0
0;75;9.5;3;6;0
0;69.1;6.3;1;3;0
0;96.6;6.2;4;4;1
0;214.6;14.8;0;12;0
0;148.5;9.9;3;6;0
0;258.1;11.7;1;5;0
0;149.7;7.6;3;2;0
0;149.8;8.1;1;2;0
0;190.4;11.2;2;4;0
0;181.4;11.6;1;6;0
0;151.1;5.3;1;3;0
0;155.7;8.1;0;4;0
0;149.9;13.3;2;13;0
0;222.3;11;3;2;0
0;149.4;6.7;0;2;0
1;233.8;12.8;0;3;0
0;204.2;10.5;0;2;0
0;242.9;0;1;0;0
0;150.4;12.3;1;4;0
0;208.9;12.8;0;7;0
1;191.9;14.3;1;6;1
1;130.7;9.4;2;2;1
0;119.6;5.9;2;2;0
0;273.6;8.2;1;4;0
1;156.1;11.1;2;9;0
0;178.7;8;2;4;0
0;177.5;11.9;2;3;0
1;211.3;9.7;4;4;1
0;175.2;7.5;1;2;0
0;114.3;12.6;3;7;0
0;251.4;7.5;1;5;0
1;216.9;17.5;1;5;1
1;217.2;9.3;0;3;0
0;206.3;12.4;0;12;0
0;159.3;11.1;1;5;0
0;143.1;11.4;2;5;0
0;154;5.6;3;2;1
0;186.6;11.6;1;5;0
0;170.8;9.6;5;5;1
0;124;12.3;1;3;0
0;198.3;14.8;3;8;0
0;172.8;9.1;2;8;0
0;217.4;6.6;0;3;0
1;265.9;14;0;12;1
0;93.6;17.5;1;5;0
0;98.2;7.6;2;1;0
0;214.7;9.4;2;4;0
0;168.2;12.9;1;3;0
0;202.9;9;3;3;0
0;261.4;11.6;1;2;0
0;73.3;8.2;4;3;1
0;253.7;9.2;7;5;0
0;45;9.8;2;6;0
0;231.3;13;1;6;0
0;47.4;10.5;2;8;0
0;227.4;12.5;0;3;0
0;40.9;11.9;0;7;0
0;124.8;8.6;2;4;0
1;68.5;12.1;0;9;0
0;163.5;7.8;2;4;0
0;163;6.7;2;3;0
0;213.7;10.7;2;5;0
0;201.3;5.4;1;3;0
0;310.4;9.2;4;10;0
0;48.4;18.2;1;1;0
0;171.2;14;1;6;0
0;166.5;8.5;0;3;0
0;216.6;12.4;0;8;0
0;107.8;9.9;2;3;0
0;141.3;7.8;1;2;0
0;209.9;6.6;0;1;0
1;237.5;14.2;9;3;1
0;234.5;3.5;3;6;0
0;103.1;12.2;3;8;0
0;129.5;11.9;1;3;0
1;279.8;8.4;2;10;1
1;136.8;10.3;5;9;1
0;100.1;5.9;0;3;0
0;237.1;10.1;4;5;0
0;172.8;7.9;4;3;1
0;224.5;11.5;2;2;0
0;288.1;10.2;3;4;1
1;78.2;10.1;2;6;0
0;148.7;12.7;2;6;0
0;194.6;13.1;2;2;0
0;159.5;12;0;4;0
0;194.5;9.5;1;2;0
0;174.1;8.3;2;5;1
0;131.8;7.7;2;6;0
0;160.6;10.7;1;1;0
0;146.8;7.2;0;7;0
0;200.7;9.1;1;5;0
0;145.6;10.9;1;5;0
0;229.4;8;2;1;0
0;211;4.7;3;4;0
0;121.5;11.3;2;5;0
1;216;3.6;2;7;0
0;293;10;2;6;0
1;221.1;15.4;2;4;1
0;181.5;10.3;1;2;0
0;74.3;14.5;2;3;0
1;62.3;10.8;1;3;0
0;228.6;9;3;1;0
0;228.1;9.9;2;5;1
0;309.9;14.2;1;2;0
0;201.9;13.7;3;6;0
0;149.8;11.7;2;4;0
0;183.8;7.7;1;3;0
0;186.7;16.5;1;4;0
0;209.4;7.4;1;2;1
0;223.2;10.2;3;3;0
0;164.2;10.7;1;8;0
0;150.5;10.3;1;2;0
0;234.2;9.8;0;6;1
0;55.3;10.2;1;5;0
1;221.8;8.4;1;4;0
0;169.6;7.4;1;8;0
0;89.7;13.5;5;11;1
0;80.2;8.6;1;2;0
0;218.9;11.3;2;4;0
0;125.7;12.9;1;2;0
0;176.3;9.6;2;1;0
0;207.2;9.5;2;5;0
0;205.7;12.5;2;6;0
0;151.4;0;1;0;0
0;157.5;9.6;3;4;0
0;160.4;9.1;2;5;0
0;159;12.3;1;5;0
0;214.1;9.2;0;6;0
0;102.6;9.1;2;4;0
1;159.7;13.9;0;6;1
0;202.8;4.6;1;4;0
0;57.5;11.6;3;6;0
0;169.9;11.4;1;7;0
0;335.5;12.7;2;8;1
0;139.5;13.1;0;8;0
0;142.3;6.6;1;8;0
0;187.8;10.6;0;5;0
0;146.2;8.7;3;3;0
0;231.8;11.6;3;7;0
0;193.7;12.7;1;3;0
0;156.4;7.7;4;6;0
1;220.7;13.2;1;6;1
0;239.8;7.3;2;1;0
0;172;8;1;5;0
1;128.2;8.8;2;7;0
0;130.2;14;3;6;0
0;195.4;11.6;1;6;0
1;293.3;14.5;0;4;1
0;191.3;12.8;1;4;0
0;122.4;11.5;1;3;0
0;209.6;10.6;2;3;0
0;215.7;7.1;3;1;0
0;161.4;5.1;0;2;0
0;144.2;13.8;3;4;0
1;220.2;4.1;0;2;1
0;256.2;7.4;4;2;0
0;112.7;6.5;1;5;0
0;299.5;13.7;0;4;1
0;194.8;13.9;0;4;0
0;100.8;9.5;0;2;0
0;82.5;4.8;3;4;0
0;146.4;15.6;2;4;0
0;177.9;10.8;2;6;0
0;153.5;10.2;5;7;0
0;150.7;9.2;1;15;0
0;180.1;7.5;0;3;0
0;265.3;12.9;1;1;0
0;128.6;11.4;0;2;0
0;161.5;7.9;2;4;0
0;165.3;9.8;1;3;0
0;195;11;0;13;0
0;213.8;15.6;0;7;0
0;205.5;14;1;4;0
0;252.9;8.5;3;4;0
0;235.6;15.4;0;9;0
0;192;7.5;1;5;0
0;69.1;9.1;0;4;0
0;261.7;6;3;3;1
0;235.5;11.5;2;4;0
0;213.4;9.5;1;6;0
0;206.9;9.2;3;1;0
0;263.8;8.5;3;3;0
0;183.4;10.5;1;5;0
0;157.6;9.4;5;10;1
0;175.6;9.3;0;4;0
0;242.5;9.3;2;2;0
0;151;9.9;0;7;0
0;138.1;8.3;1;2;0
0;264.7;9.5;1;9;1
0;282.3;12;1;4;0
0;211.2;12.3;0;2;0
0;197.1;7.4;3;4;0
0;205.3;7.8;1;4;0
0;181.8;9.2;2;4;0
0;252;9.6;2;1;0
0;193.8;9.2;0;3;0
0;231.2;12.3;1;1;0
0;200.1;15.5;0;4;0
0;266.7;16.3;1;4;0
0;118.1;11.9;2;6;0
0;175.3;11.8;0;5;0
0;125.1;11.2;3;3;0
0;176.8;7.5;1;15;0
0;241.9;5.9;1;3;0
0;241.2;10.6;0;4;0
0;217.1;9.4;1;4;0
0;195.4;8.9;0;4;0
1;222.4;8.7;1;9;1
0;189.5;13.1;1;2;0
0;123.1;9.3;0;5;0
0;256.7;11.4;3;3;0
0;159.1;6.5;1;1;0
0;100.1;11.1;3;8;0
0;30.9;8.6;1;7;0
0;223.2;10.1;3;2;0
0;187.4;12.6;1;8;0
0;315.6;12.1;3;3;0
0;277.5;8.2;1;2;0
0;189.8;14.9;2;3;0
0;147.2;10.2;1;4;0
0;185.8;5.7;4;7;0
0;155.4;8;3;4;0
0;154.2;10.9;6;4;0
0;97.6;11.6;1;9;0
0;178.8;7.5;1;3;0
0;149.3;9.1;0;4;0
0;206;8.4;0;11;0
0;216.8;11;0;9;0
0;103.3;10.7;0;3;0
0;139.4;7.7;0;3;0
0;191.2;14.1;1;3;0
0;160;10.4;1;7;0
0;221.7;6.5;3;4;0
0;62.9;8.5;1;5;0
0;215.6;3.6;1;5;0
0;165.3;7.6;3;7;0
1;94.7;10.6;2;6;0
0;203.2;9.7;2;3;0
0;195.3;12.5;3;4;0
0;143.7;11.4;4;8;0
0;114.4;0;2;0;0
0;222.8;6.9;2;2;0
0;175.9;7.3;2;5;0
1;249.9;15.3;1;6;1
1;234.5;11.4;2;4;0
0;210.7;7.2;1;6;0
0;182.3;9.3;1;3;0
0;190.3;11.7;2;5;0
0;177.1;7.4;0;2;0
0;87.2;10.9;6;5;1
0;215.6;13.5;1;3;0
0;137.4;14;3;11;0
0;192.8;16.4;1;5;0
0;149.3;11.9;2;3;0
0;143.7;7.8;1;5;0
0;224.8;9.2;1;2;0
0;261.2;12.7;2;5;0
0;196.5;13.4;0;5;0
0;271.2;11.5;3;3;1
0;207.2;8;2;1;0
0;300.4;7.2;2;5;0
0;229.6;9.5;2;8;0
1;187.5;12.1;1;4;0
1;57.1;6.5;3;6;0
0;162.1;11;5;9;1
1;145;16.7;2;3;1
0;159.5;11.4;1;3;0
0;190.7;8.8;1;8;0
0;230.6;9.4;1;2;0
0;34;11.5;0;3;0
0;193.4;11.4;5;3;0
0;202;10.4;1;6;0
0;191.7;9.1;1;5;0
0;161.3;6.6;1;8;0
0;150.6;6.4;1;2;0
0;184.6;7.8;1;1;0
0;220.7;8.7;1;5;0
1;167.3;11;1;6;0
0;154;8.2;3;4;0
0;121.1;10.1;0;6;0
0;182.1;12.7;3;4;0
0;109.6;11;2;5;0
0;209.9;9.6;1;4;0
0;167.5;11.4;2;4;0
0;213.9;9.8;2;14;0
0;115.8;13.1;1;5;0
0;276.6;9.8;2;6;0
0;179.4;9.5;2;4;0
0;187.3;10.1;1;5;0
0;201.2;8.4;2;3;0
1;189.6;1.3;1;6;0
0;186.8;15;0;5;0
0;153.5;11.4;0;4;0
0;187.6;8.7;2;6;0
1;230.9;11;0;2;1
0;244.9;15.2;2;4;0
0;230.9;9.7;3;2;0
0;187.1;11;1;3;0
0;170.7;13.3;1;4;0
1;126.9;8.8;5;3;1
0;189.5;9.2;0;7;0
1;176.9;7.7;1;2;1
0;161.1;10.6;1;4;0
0;169.4;10.7;1;4;0
0;254.4;10.5;0;4;0
1;127.7;5.8;2;4;0
0;170.5;13.6;6;5;0
1;219.1;10.1;2;4;0
1;273.5;11;2;9;0
1;161.9;10.7;1;4;0
0;241.7;9.4;1;4;0
1;62.8;9.4;3;4;0
0;281.1;11.2;1;9;0
0;228.2;10.7;3;5;0
0;209.8;11.3;0;3;0
0;265.6;11.1;2;6;1
0;214.9;11.8;2;2;0
0;110.5;10.5;3;3;0
1;281.1;7.5;0;3;0
0;137.8;14.1;2;3;0
1;271.5;8.2;1;2;1
0;112.8;9;2;3;0
0;187.3;15.1;1;2;0
0;197;10.8;1;4;0
0;180.4;8.4;1;2;0
1;148.5;14.5;1;7;1
0;197.1;14.6;2;5;0
0;153.7;15.9;1;5;0
0;261.3;11.3;1;2;0
0;246.2;9.4;1;5;0
0;191;6.5;0;4;0
0;208.3;12.6;1;3;0
0;253;9.8;0;4;0
0;202.3;6.8;0;4;0
0;174.4;10.2;0;5;0
0;127.1;12.1;1;3;0
1;143.5;11.3;0;3;0
0;186.9;5.8;1;3;0
0;194;12.1;1;4;0
0;234.8;9.9;0;6;0
0;123.7;13.1;1;4;0
0;173.9;15.3;0;5;0
0;130.9;12.4;1;4;0
0;314.6;5.7;2;3;1
0;227.9;12.1;1;5;0
0;95.5;6.6;2;6;0
0;185.3;15.1;1;3;0
0;146.3;13.1;1;3;0
0;184;12.7;2;3;0
0;105.8;13.1;0;5;0
0;178;11.7;1;4;0
0;149.4;10.1;1;6;0
0;209.4;11.3;2;3;0
0;172.1;11.6;1;6;0
1;169.3;9.4;1;9;0
0;119.1;12.2;0;4;0
0;194.2;5.5;2;2;0
0;198.8;9.9;2;3;0
1;167.7;13.4;3;1;1
0;202.2;11.8;2;2;0
0;322.5;9.4;2;4;1
0;216.2;10.2;0;3;0
0;76.4;9.4;3;3;0
0;72.7;9.9;1;3;0
0;210.4;9.7;0;4;0
1;127.2;8.1;0;13;0
0;201.8;11.9;1;8;0
0;219.5;16.1;1;5;0
0;99.3;9;3;6;0
0;239.2;10.3;5;2;0
1;120.9;11.4;2;11;0
0;224.7;15.8;1;6;0
0;176.6;14.6;1;6;0
0;283.9;10;1;4;0
0;180.6;10.3;1;4;1
0;125.9;10.3;1;4;0
0;237.6;9.1;0;9;0
0;198.4;9.2;2;2;0
0;274.3;10.9;0;5;0
1;199.6;11;3;4;1
0;217.7;9.6;3;3;0
0;134.7;7.6;3;6;0
0;212.7;9.7;2;13;0
0;256.3;6.2;2;7;0
0;183.6;12.7;1;2;0
0;176.2;9.2;1;4;0
0;205;11.7;1;8;0
0;267.9;11.3;3;3;1
0;179.2;9.9;2;6;0
0;149.4;14.9;1;3;0
0;163.6;13.1;3;3;0
0;207.6;12.4;1;13;0
0;165.4;8.9;3;4;0
0;209.8;9.9;4;9;0
0;220.1;11.1;0;3;0
0;141.3;8.2;1;5;0
0;196.5;4;0;7;0
1;180.9;7.4;2;4;0
0;105;14.9;0;5;0
0;271.4;11.1;4;6;1
0;206.7;10.9;1;3;0
0;166.8;9.3;1;1;0
0;204.9;10.4;5;3;0
0;154.6;9.1;1;4;0
0;127;7.5;1;2;0
1;267.4;5.9;1;4;0
0;281;0;1;0;0
0;270.8;11.8;4;8;0
0;171.2;10.2;1;7;0
0;124.1;6.7;3;8;0
0;162.8;7.2;1;3;0
0;146.3;8;1;12;0
0;254.8;15;2;7;0
0;254.9;5.4;2;3;0
0;107.7;8.9;0;3;0
0;158.8;7.6;1;7;0
0;182.9;5.5;2;4;0
0;198.5;12.4;0;5;0
0;178.4;12;0;2;0
0;110.9;6.2;1;5;0
0;166.9;12.3;1;4;1
1;244.8;10.7;2;3;0
0;120.8;11.9;4;3;1
0;165.3;8.5;2;3;0
0;126.7;14.4;2;7;0
0;215.9;15.5;0;7;0
0;140.1;8;1;2;0
0;209.9;8.7;1;7;0
1;139.8;5.5;0;6;0
0;321.6;11.3;2;3;1
0;166.6;8.2;7;6;0
0;214.2;5.9;0;8;0
0;260;9;1;3;1
0;191.9;13.4;4;4;1
0;213;13.5;0;3;0
0;118.1;16.9;1;2;0
0;190.2;15;6;4;0
0;82.2;5.1;0;6;0
0;163.8;8.1;0;5;0
0;267.8;14.4;5;11;1
0;159.8;10.6;2;3;0
0;214.3;10.6;1;4;0
0;287.3;10.5;0;4;1
0;101.2;7.5;2;3;0
0;102.8;13.2;2;5;0
0;109.1;8.3;0;6;0
0;215.9;5.2;1;2;0
0;203.4;11;1;4;0
0;110.1;9.2;1;2;0
0;111;4.4;1;14;0
0;239.9;9.3;1;5;0
0;144.8;13.8;1;3;0
0;135.4;7.9;1;4;0
0;84.2;10.8;1;2;0
0;209.1;14;0;6;0
0;130.1;11.4;0;5;0
0;175.8;7.8;2;5;0
0;241.9;6.6;1;5;0
0;136.7;9.8;0;4;0
0;67.7;12;1;2;0
0;200.4;10;1;2;0
1;125.8;14.1;1;4;1
0;128.2;11.2;1;2;0
0;226.3;13;4;3;0
0;162.3;9.2;0;4;0
0;224.4;6.7;2;2;0
0;120.5;14.3;1;2;0
0;91.1;11.9;2;8;0
0;168.8;15.5;0;4;0
0;153.5;6.5;2;5;0
0;226.2;6.4;0;2;0
0;191.9;12.6;1;2;0
0;167.9;9.2;4;6;1
0;180;11.5;2;6;0
0;257.4;13.4;2;5;1
0;174.4;11;1;4;0
0;159.7;8.4;1;3;0
0;237.2;11;1;3;0
0;103;7.9;1;3;0
0;153.8;11.6;4;2;0
0;205.1;10.7;3;2;0
0;175.7;8.6;2;3;0
0;155.9;8.6;2;8;0
0;154.4;10.3;0;5;0
0;209.7;7.1;2;3;0
1;150;9.4;0;15;0
0;232.4;12.3;3;3;0
0;165.4;12.8;2;5;0
0;199.2;13.3;3;3;0
0;217.6;4.2;0;3;0
0;212.1;7.7;3;2;0
0;154;10.8;1;5;0
0;193.8;13.3;1;2;0
0;175.4;12.2;0;4;0
0;152;15.7;2;5;1
0;230.2;9.2;0;3;0
0;174.9;13.5;1;3;1
0;190.2;8.8;0;4;0
0;176.4;11.5;1;1;0
0;160.9;5;3;5;0
0;228.7;11.8;1;3;0
0;144;12.3;0;2;0
0;135.9;9.5;6;7;0
0;334.3;10.4;0;6;1
0;130.5;13;0;6;0
0;134.2;11.8;4;2;1
0;278;13.1;4;4;1
0;105.4;7.8;0;5;0
0;188.9;11.6;3;8;0
0;111.8;6.9;1;4;0
0;159.1;13;1;18;0
0;212.4;9;1;4;0
0;142.3;9.9;1;1;0
1;346.8;13.3;1;9;1
0;113.9;11.8;1;9;0
1;267.9;8.3;1;2;1
0;171.4;17;3;4;0
0;275.4;13.6;1;3;0
0;197.2;3.9;0;2;0
0;192.6;7.9;2;2;0
0;91.7;7.7;1;5;0
0;126.3;9.6;0;2;0
0;251.5;10.4;3;6;0
0;190.6;7.5;1;5;0
0;116.1;11.6;0;5;0
0;217.3;11.3;2;3;0
0;179.4;14.7;0;3;0
0;207.7;7.9;0;3;0
0;277.3;12.8;2;4;1
0;125.3;8.4;1;4;0
0;138.1;6.8;2;3;0
0;169.3;8.2;0;3;0
0;201.3;12.3;1;3;0
1;216.7;9.8;2;4;0
0;190.4;8.3;2;4;0
0;143.3;6;1;7;0
0;97.4;11.4;2;2;0
0;181.4;11.3;3;3;0
0;246.4;3.8;0;4;0
0;143.4;9.7;2;6;0
0;104.9;8;2;5;0
0;156.2;13.1;1;5;0
0;114.8;12;0;4;0
0;232.5;11.9;0;2;0
0;143.6;8.6;1;3;0
0;176.7;9.1;2;4;0
0;263.4;11.4;1;5;1
0;146.4;11.3;1;3;0
0;145;14.2;2;3;0
0;167.8;8.4;1;12;0
0;166.9;7.2;0;5;0
0;142.5;7.8;2;8;0
1;133;11.2;1;3;0
0;252.9;12.3;1;1;0
0;95;10;2;2;0
1;194.2;12.9;1;1;1
0;222.8;0;1;0;0
0;201.8;16.5;0;5;0
0;216;9.3;2;4;1
0;146.3;5.3;1;9;0
0;234.8;9.5;1;5;0
0;198.6;10.6;2;6;0
0;94.4;13.1;2;9;0
0;190.4;10;2;1;0
0;142.6;12;3;2;0
1;134.2;10.7;0;5;0
0;111.9;14.1;5;3;1
0;122.8;10.7;2;2;0
0;189.3;9.2;4;5;0
0;240.4;16.1;0;6;0
1;93.5;9.9;0;3;0
0;158.6;10.2;3;8;0
1;243.2;7.2;4;4;0
0;176.4;9.3;4;3;0
0;220.9;6.4;0;5;0
0;144.4;7.1;0;7;0
0;212.3;7.7;0;3;0
0;147;8.4;1;9;0
0;96.2;12.9;2;10;0
0;263.4;10.3;0;2;0
1;12.5;7.7;1;9;0
0;162.3;10.1;2;3;0
0;183.6;8.7;1;3;0
0;178.1;8.5;1;2;0
0;201.4;7;0;3;0
0;123;13.3;1;4;0
0;208;8.6;0;6;0
0;239.2;8.8;1;3;0
0;193;15.3;1;3;0
0;174.5;10.3;1;9;0
0;116.7;9.9;1;3;0
0;93.8;10.7;1;2;0
1;154.1;12.9;2;3;0
0;239.5;9.9;0;6;0
0;216;11.8;0;4;0
0;187.4;12.2;1;6;0
0;167.4;10.3;0;5;0
0;160.4;12.5;1;4;0
0;143.2;11.9;1;9;0
0;205.3;5;1;9;0
0;219.1;14.3;1;6;0
0;143.2;7.6;1;4;0
0;232.8;12.5;2;7;0
0;162;8.9;0;8;0
0;25.9;6.5;1;7;0
0;154.2;15.4;4;4;1
0;322.3;6.7;0;8;1
0;209.9;8.2;1;3;0
0;191.5;0;0;0;0
0;291.1;7.5;1;2;0
0;215.6;11.8;3;1;0
1;208.8;12.4;3;6;0
0;255.9;12.3;3;5;0
0;252.7;12.4;2;4;0
0;132.1;6.9;3;6;0
0;217;8.2;1;4;0
0;101.9;12.9;0;2;0
0;211.5;13.3;2;4;0
0;153.4;10.4;0;3;0
0;166.3;10;2;3;0
0;185.2;9.5;1;13;0
0;104.6;6.5;2;8;0
0;245.2;7.2;0;8;0
0;274.4;6;1;3;0
0;98.4;14.2;1;4;0
0;279.9;13;1;2;0
0;187.2;5.1;1;4;0
0;276.2;2.2;3;4;0
0;200.4;8.3;1;4;0
0;162.3;9.1;2;4;0
0;176.9;10.5;4;2;1
0;165.5;12.2;0;6;0
0;217.8;10.4;4;5;0
0;201.4;12.9;2;4;1
0;190.5;10.1;3;5;0
0;179.9;12.8;3;7;0
0;235.9;5.8;3;2;0
0;140.4;7.9;0;1;0
0;144.6;7.4;2;9;0
0;189;17.1;0;6;0
0;101;13.3;0;2;0
0;206.3;10.6;1;4;0
0;165.1;10.9;1;4;0
0;165;12.5;1;7;1
0;155.9;11.7;3;3;0
1;199.2;11.8;1;7;0
0;155.3;12.3;3;4;0
0;208.3;11.3;3;5;0
0;157.1;12.1;1;6;0
0;154.4;11.7;5;4;1
0;189.1;10.4;1;5;1
0;131.5;10;2;3;0
0;166.4;9.9;1;5;0
0;142.3;12.8;2;9;0
0;87.7;7.3;2;4;0
0;184.1;16.9;0;3;0
1;174.5;12.3;2;10;0
0;103.3;9;2;2;0
0;35.1;12.7;1;2;0
0;246.6;13;1;5;0
0;78.5;11.8;1;4;0
0;148.1;12.3;5;2;1
0;206.2;9;1;3;0
0;251.6;12.2;2;3;0
1;270.3;14.4;1;7;1
0;156.6;11.3;1;1;0
0;139.4;13.6;1;6;0
0;220.2;11.7;2;3;0
0;214.1;10.1;1;3;0
0;196;7.9;1;6;0
0;106.4;5.3;6;4;1
0;179.4;10;0;5;0
0;216.7;10.8;2;1;0
0;177.3;5.1;0;2;0
0;151.6;4;1;5;0
0;262.2;10.6;0;5;0
0;173.6;9.7;3;7;0
1;106.6;9.6;2;8;0
0;193.3;11.6;5;4;1
0;217.2;11.3;0;4;0
0;209.5;8.8;1;4;0
0;95.4;5.6;1;5;0
0;214.6;8.1;1;2;0
0;131.6;11.1;4;4;1
0;168.4;11.8;1;7;0
0;146.4;7.8;1;5;0
1;183;11.1;1;6;0
0;103.3;6.4;0;7;0
0;112.2;10.6;0;2;0
1;170.7;8.2;3;9;0
0;172.5;10.9;0;2;0
0;194.3;7.1;1;5;0
0;187.8;12;2;3;0
1;307.1;8;0;3;0
0;118.2;12.2;3;3;0
0;154;12.9;1;1;0
0;155.5;7.6;1;11;0
1;125.6;5.4;1;5;0
0;199.3;15.2;0;2;0
0;157.9;12.8;1;3;0
0;203.4;9.2;2;5;0
0;222.2;10.9;1;5;0
0;92.8;5.8;1;7;0
0;216.8;8.6;0;2;0
0;193.2;9.7;4;2;0
0;113.2;14.1;3;4;0
0;166.2;11.2;3;2;0
0;262.2;7.3;1;14;0
0;207.8;13.1;0;4;0
0;245.4;7.5;1;6;0
0;287.1;14.4;3;2;1
0;192.3;9;2;1;0
0;194.2;9.7;2;3;0
0;211;9.8;3;7;0
0;141.9;8.7;0;5;0
0;220.5;5.9;2;9;0
0;157.4;9.3;1;2;0
0;143.5;11.2;0;5;0
0;156;8.9;0;8;0
1;160.1;9.2;2;3;0
1;235.1;7.2;4;2;1
1;160;8.7;5;5;1
0;188.4;13.2;1;2;0
0;194.8;11;1;3;0
0;247.8;6.9;1;2;0
0;221.2;11.9;4;3;0
0;118.5;13.4;2;3;0
0;231.8;7.6;1;4;0
0;215.9;11.6;1;4;0
0;217.1;8;2;5;0
0;83.5;12.6;0;3;0
0;183.3;5.1;1;7;0
1;236.8;9.5;1;2;1
0;193.8;8.5;1;3;0
0;134;9.7;0;4;0
0;176.6;11.3;2;5;0
0;191.4;10.2;3;3;0
1;174.8;12.8;0;3;0
0;275.2;7.9;1;2;0
0;174;7.9;1;1;0
0;165;12.6;1;8;0
0;228.7;11.8;1;4;0
0;107.9;9.5;2;3;0
0;221.3;11.3;1;6;0
0;141.1;5.9;3;6;0
0;166.4;10.7;4;4;0
0;249.6;7.6;3;3;0
0;178.6;10.9;1;5;0
0;139;15.7;2;5;0
0;134.3;12.6;2;5;0
0;215.9;4.9;3;5;0
0;181.6;11.4;1;4;0
0;178.4;9.3;1;9;0
0;106.4;11.4;1;3;0
0;170.7;11.4;2;4;0
0;184.5;12.3;0;6;0
0;161.2;8.9;1;4;0
0;84.9;7.5;2;5;0
0;217.9;10.6;1;2;0
0;270.9;8.8;0;5;1
0;243;15.3;0;6;1
0;128.2;8.9;0;3;0
0;126.3;9.8;2;7;0
0;178.7;10.6;4;2;0
0;159;10.1;0;4;0
0;150.9;11.7;3;5;0
1;219.9;8.1;3;4;0
0;168;10.1;2;3;0
0;162.1;9.6;4;3;1
0;198.8;16.5;5;7;0
1;256.8;9.1;3;10;0
0;182.8;11;1;2;0
0;196.8;7.7;1;2;0
0;140.1;11.2;2;5;0
0;194.3;9;5;3;0
0;117.6;8.8;1;5;0
1;193.7;11.6;0;8;0
0;243.1;7.8;2;4;0
0;145.4;5.2;1;4;0
0;169.1;9.9;3;10;0
0;229.3;8.8;2;3;0
1;197.2;8.3;4;4;0
0;186.4;11.1;2;3;1
0;76.1;10.8;0;3;0
0;162.8;6;2;3;0
0;182.3;18;1;5;0
1;194.4;11.2;2;7;0
0;189.3;12.5;2;4;0
0;160.1;9.5;3;4;0
0;145;7.1;3;4;0
0;220.7;11.5;4;7;0
0;224.7;7.5;1;5;1
0;147;10.5;1;4;0
0;260.8;10.1;1;5;0
0;155.4;9;0;3;0
0;166.2;5.4;1;7;0
0;211.8;10.8;0;7;0
0;130.5;11;4;5;1
0;162.7;8.7;0;6;0
1;237.1;7.9;1;3;0
0;166.2;13.2;4;2;0
0;121.7;8.3;6;2;1
0;176.4;11.2;0;2;0
0;67.4;11.4;2;2;0
0;229.7;9.6;1;1;1
0;176;14.7;1;7;0
0;247.7;9.6;0;7;1
0;115.4;13.1;2;5;0
0;112.2;13.9;0;1;1
0;162.6;11.5;0;4;0
0;229.4;10.4;4;6;0
0;139.6;15;2;4;0
0;263.8;8.4;5;2;1
0;217.5;9;4;3;0
0;114.3;7.5;1;8;0
0;196.3;7.7;2;3;0
0;253.2;4.4;1;4;0
0;98;10.5;0;4;0
0;249.4;9.1;0;3;0
0;129.6;14.5;1;5;0
0;221.3;9.3;0;7;0
0;220.7;12.4;1;9;0
0;87.6;9.2;1;5;0
0;203.6;8.4;0;3;0
0;213.6;8.8;2;3;0
0;181.6;12.9;2;4;0
0;215.4;7.8;1;6;0
0;266.3;14;2;2;1
0;199.2;10.2;3;2;0
0;115;7.3;3;4;0
0;270.5;9.6;1;5;1
0;222.2;12.9;1;4;0
0;61.9;8.8;3;2;0
0;141.1;10.8;2;2;0
0;189.2;10.6;3;5;1
0;196;9.8;3;1;0
0;171.6;13.8;0;4;0
1;174;11.4;2;3;0
0;78.6;7.4;1;5;1
0;200.9;8.9;1;7;0
0;141.3;6.4;1;2;0
0;235.8;7.3;2;1;0
0;185.1;6.3;3;4;0
0;254.3;11.8;2;2;0
0;183;8.7;2;6;0
0;163.5;7.5;2;5;0
0;207.9;7.7;2;2;0
0;248.6;6.1;3;3;0
0;185.4;14.5;2;4;0
0;197.8;8.9;1;5;0
1;132.1;9.1;2;1;1
0;197.1;9.3;0;11;0
0;154.6;12.6;2;5;0
0;153.1;10;6;1;1
0;211.2;6.3;2;9;0
0;96.8;10.9;2;5;1
0;172;10.1;1;9;0
0;141.1;8;2;7;0
0;151.1;13.8;2;2;0
0;209.6;7.6;3;2;0
0;247;10.5;3;4;0
0;221.4;10.8;1;12;0
0;321.3;8;1;4;1
0;243.7;11.3;0;2;0
0;251.5;11.1;3;6;0
1;236.9;7.3;0;2;1
0;159.7;9.3;2;3;0
1;148.2;9.2;4;1;1
0;150.9;14.7;1;1;0
0;210.5;11.5;1;2;0
0;170.9;4.1;2;5;0
0;254.7;10.6;0;8;0
0;284.4;8.4;0;8;1
0;0;6.8;4;1;1
1;133.7;10.7;1;2;1
0;224.9;10.3;0;3;0
0;151.8;11.9;1;5;0
0;141.4;5.6;2;3;0
0;285.7;14.8;0;7;1
0;58.4;11.9;1;5;0
0;90.4;13.1;0;4;0
0;114.4;11;0;3;0
0;147.7;12.8;2;3;0
0;302.7;13.6;3;14;0
0;136.1;11.3;1;4;0
0;169.7;12.8;3;6;0
0;227.2;14.9;0;2;0
0;217.8;10.3;1;6;1
0;124.2;13.1;2;8;0
0;206.2;13.6;1;2;0
0;132.9;9.9;3;2;0
0;104.9;7.7;3;6;0
0;245;13.7;1;8;1
0;184.5;11.6;1;3;0
0;89.5;12.3;3;1;0
1;235.6;8.6;1;4;0
0;186;11.5;4;6;0
0;223.9;7.3;1;9;0
0;179.5;6.6;1;2;0
0;169.4;8.9;1;5;0
0;118.1;8.2;1;6;0
0;112;4.1;4;4;1
0;168.4;8.5;0;7;0
0;214.3;11.3;0;10;0
0;245.7;4.2;4;5;1
0;156.6;13.4;1;10;0
1;142.8;8.9;1;4;0
0;202.4;10.2;3;2;0
0;116.8;12;1;2;0
0;155.7;11;1;1;0
0;236.1;9.1;2;4;0
0;138.1;8.2;2;2;0
0;51.9;10.1;3;3;0
0;81.3;8.9;0;3;0
0;171.5;7.1;0;3;0
0;126;7.6;1;3;0
1;197.2;9.9;4;6;0
0;194.1;15.3;1;4;0
0;115.7;9.3;1;6;0
0;157.2;8.4;3;5;0
0;269.7;4.5;3;15;1
0;246.4;9.1;0;8;0
0;227.4;13;1;4;0
0;189.8;12.2;0;4;0
1;188.9;11.5;4;5;0
0;0;7.2;1;4;0
0;110.5;11;1;4;0
0;167.6;11.7;4;2;0
0;132;0;3;0;0
0;167.8;11.9;0;4;0
0;213.4;5.7;1;4;0
0;175.4;10.6;0;1;0
0;82.6;9.5;3;1;0
0;143.2;8.8;4;7;1
0;125.5;8.9;1;8;0
0;82.3;11.8;6;2;1
0;165.6;11.8;1;3;0
0;183.1;8.4;0;2;0
0;162.1;12.2;1;5;0
0;166.6;7.7;1;6;0
0;135.9;9.4;1;4;0
0;165.7;9.8;0;6;0
0;176.1;9.7;1;4;0
0;142.3;9.1;0;1;0
0;177.6;7.6;3;3;0
0;83.2;10.7;1;7;0
1;235;5.7;2;7;0
0;105.7;6.6;2;12;0
1;149.4;17.9;3;3;1
0;264.7;10.4;0;7;0
0;160.3;5.6;1;1;0
1;95.9;10.4;1;3;0
0;140.7;11.7;0;5;0
0;119.7;4.6;2;2;0
0;99.9;9.8;2;7;0
0;250.9;9.6;2;6;0
1;200.6;11.2;2;5;0
0;209.8;7;1;7;0
0;198;7.6;1;4;0
0;239.8;11.3;1;5;0
0;164.5;11.2;0;2;0
0;220.9;12.2;1;2;0
0;112.8;13.2;2;6;0
1;112.6;11.1;0;2;1
0;226.4;10.8;1;7;0
1;244.9;9.7;4;6;0
0;203.2;15.1;2;6;0
0;136.7;8.6;0;4;0
0;152.6;5;1;10;0
0;274.9;8.8;1;2;0
0;195.7;8.3;1;3;1
1;204.3;9.2;1;7;0
0;222.3;8.9;3;4;0
0;222.5;9.7;1;2;0
0;128.8;10.3;2;2;0
0;174.3;8.3;0;2;0
0;242.5;7.8;4;3;0
0;221.6;12.7;4;6;0
0;114.3;10.9;0;9;0
0;219.7;9.5;2;2;0
0;144.9;12.3;2;3;0
0;236.5;8.1;2;3;0
0;174;14.1;2;7;1
0;109.5;6.6;1;7;0
0;81.6;9.9;1;4;0
0;133.4;5.9;1;4;0
0;137.1;8.6;1;4;0
0;197;16.1;0;8;0
0;198.1;9.3;3;3;0
0;39.5;10;0;6;0
0;199.5;8.1;2;4;0
0;156.8;7.6;1;6;0
0;183.4;9;3;5;0
0;132.4;8.6;1;2;0
0;63.2;5.1;0;3;0
1;181.1;16.9;0;4;1
0;117.5;4.2;3;7;0
0;218.7;15;0;1;0
0;207.3;5.9;1;3;0
0;150.6;8.1;0;5;0
1;273.3;12;1;7;1
1;266.1;10.3;1;4;0
0;112.8;16.3;0;6;0
0;104.7;15.8;3;7;0
0;193.8;5.9;0;4;0
0;168.6;9.8;1;5;0
0;253.2;9.7;2;7;0
0;174.7;8.9;1;2;0
0;87;11;0;5;0
0;204.5;14.8;2;9;0
0;226.5;9.4;3;4;0
1;234.1;10;1;3;0
1;133.3;12.9;3;2;1
0;133.9;15.4;1;3;0
0;160.2;9.7;0;2;0
0;230.6;11.1;0;2;0
0;227.4;6.3;2;4;0
0;72.8;11.8;2;2;0
0;196.1;7;1;2;0
0;197.1;12.8;1;3;0
0;219.6;9.7;1;5;0
0;153.4;12.8;4;4;1
0;216;4.9;2;10;0
0;222.9;10.8;0;4;0
0;115.9;11.7;3;6;0
0;189.8;10.6;1;5;0
0;154.7;11.1;0;3;0
0;136.4;11.5;3;1;0
0;170.5;12.2;1;6;0
0;272.4;12.7;0;2;0
0;210;5.9;8;4;0
1;236.5;12.2;2;3;0
0;153.9;8.5;2;3;0
0;223;8.8;1;5;0
0;252.4;10.7;2;3;0
0;197.9;12;1;6;0
0;152.4;6.6;3;5;0
0;237.4;9.2;3;3;0
0;265.6;8.6;1;2;0
0;197.3;6.7;1;6;0
0;199.1;4.2;1;1;0
0;233.7;12;2;2;0
0;183.1;7;1;3;0
0;139.4;10;2;5;0
0;213.9;8.4;1;3;1
0;207.1;12.4;1;2;0
0;139.7;11.3;2;5;0
0;177.2;8.9;2;3;0
0;169.8;9.5;2;7;0
0;173.5;9.7;3;2;0
0;159.9;5.6;1;4;0
0;115.1;11.4;2;3;0
0;136.8;12.5;2;3;0
0;92.2;13.1;1;6;0
0;243.9;13.4;2;11;0
0;117.1;9;0;2;0
0;223.3;4.5;0;4;1
0;154.8;10.6;3;2;0
0;261.4;8;1;6;1
1;46.5;9.6;4;4;1
0;149.9;11.5;0;7;1
1;242.2;13.9;2;5;1
0;259.4;10.7;1;6;1
0;222.4;12;2;8;0
0;69.4;8.9;0;5;0
1;156.5;11.1;4;3;1
0;61.2;13.7;5;3;1
1;245.2;10.7;0;5;0
0;102.3;15.7;3;10;0
0;230.9;7.6;3;4;0
1;227.4;11.9;0;3;0
0;192.8;12.7;1;6;0
0;162.6;8.2;1;2;0
0;219.4;11;2;1;0
0;137.2;14.3;1;4;0
0;87.7;10.5;1;10;0
0;271.1;10.3;1;5;0
0;103.4;14.4;1;3;0
0;52.2;11.4;2;2;0
0;165.4;8.7;0;3;1
0;147.5;16.4;2;3;0
0;217.8;11.3;0;7;0
0;235.7;13.3;1;10;0
0;204.5;8.6;2;5;0
0;178.4;9.6;0;2;0
0;130.1;13.5;2;5;0
0;103.7;14.8;2;4;0
0;239.9;5.9;2;3;0
0;148.4;8.9;0;4;0
0;148.6;10;2;2;0
0;191.1;12.9;0;1;0
0;218.5;7.3;1;4;0
0;97.5;0;1;0;0
0;128.7;10.8;0;5;0
0;236.6;9.5;2;10;0
0;85.9;15.6;0;16;0
0;141.2;11.4;1;2;0
0;194.4;11.5;0;3;0
0;167.6;17.3;2;3;0
0;234.5;6.1;1;4;0
0;154.2;10.1;1;9;0
0;143.2;11.6;1;1;0
1;216.4;12.7;1;4;0
0;161.9;8.5;1;2;0
0;118.7;10.4;3;6;0
0;179.1;10.2;1;10;0
0;147.9;8.8;2;5;0
0;209.2;16.5;2;4;0
0;244.3;10.6;0;6;0
0;175.3;5.6;1;11;0
0;150.5;9;1;2;0
0;197.4;13.2;0;2;0
0;163.5;12.6;1;5;0
0;236.9;11.4;2;7;1
0;82.3;7.2;1;4;0
0;216;12.7;1;4;0
1;180;12.4;1;3;0
0;143.7;5.8;1;6;0
0;198.2;11.3;1;7;0
0;185.6;11.1;2;5;0
0;137.6;5.8;3;10;0
1;273.9;10.9;1;7;1
0;125.3;6.3;3;2;0
0;178.8;8.6;3;4;0
0;214.9;8.2;0;5;0
0;163;15.1;2;4;0
0;163.8;8.8;2;2;0
0;189.5;13.4;1;3;0
0;155.2;4.5;0;4;0
1;242.3;11.3;0;3;1
1;254.1;8.7;3;4;0
0;112;11.3;2;4;0
0;115.5;13.3;3;5;0
0;137.1;11.1;1;4;0
0;198.4;10.1;0;3;0
0;132.7;12.9;3;7;0
0;219.6;13.8;2;8;0
0;169.6;11.2;0;4;0
1;160.4;12.6;4;5;0
0;95;11.2;0;2;0
0;160.1;7;2;1;0
0;194.6;3.8;3;2;0
0;236.4;13.8;1;4;1
0;157.1;7.6;2;3;0
0;179.8;10.9;0;4;0
1;148.2;11;0;4;0
0;183.2;11.9;1;6;0
0;119.2;12.2;4;6;1
0;224;9.6;0;2;0
0;19.5;7.9;0;1;0
0;184.8;9.6;1;8;0
0;176.3;11.3;1;5;0
0;241.7;11.1;2;2;0
0;224.7;9.8;0;6;0
0;207.3;8.6;1;4;0
0;196.8;12.7;2;7;0
0;110.9;15.8;1;9;0
0;122.5;8;2;3;0
0;226.9;13.2;2;5;0
0;187;10;2;8;0
0;170.5;11.2;0;6;0
0;204.8;9.5;0;3;0
0;165.9;12;2;5;0
0;154;9.5;4;3;1
0;158.1;8.9;1;6;0
0;225.2;9.1;2;2;0
0;159.4;9.7;6;2;1
0;172.7;11.7;2;1;0
0;222.8;11;3;3;0
1;214.1;10.1;1;3;0
0;54.8;7.5;1;3;0
0;134;7.3;3;3;0
0;184.8;10.5;1;6;0
0;283.1;11.3;3;3;0
0;291.8;9.9;0;2;1
0;222.7;13.5;1;4;0
0;174.5;8.5;0;5;0
0;68.4;10.4;0;4;0
0;273;9.6;1;2;0
1;225.3;17.3;1;9;1
0;283.2;7.2;1;6;0
1;131.4;11.1;1;2;1
0;89.7;10.7;1;2;0
0;127.1;5;3;3;0
0;105.9;10.7;1;5;0
0;142.3;6;2;11;0
0;191.3;6.4;2;3;0
0;201.9;13.7;0;5;0
0;247.3;14.7;3;2;0
0;242.2;8.9;1;1;0
1;127.3;13.7;5;5;1
0;162;10.9;1;7;0
0;179.1;10.6;2;1;0
0;197.4;12.3;3;4;0
0;148.2;6.4;2;4;0
0;193.1;10.2;0;1;0
0;171.7;7.8;1;6;0
0;198.5;8.1;1;10;0
0;121.7;12.7;1;3;0
0;130.2;14;2;6;0
0;203.4;13.7;2;3;0
0;174.7;10.5;5;8;0
1;241;9.9;1;1;1
0;141.7;10.2;0;3;0
0;134.8;7.7;2;5;0
0;163.1;9;1;10;0
0;145.5;8.9;1;8;0
0;329.8;10.6;0;6;1
0;194.5;12.7;2;1;0
0;131.9;7.1;1;4;0
0;150;8.5;1;3;0
0;196.6;12.9;2;4;0
0;99.7;14.1;2;4;0
0;143.6;10.8;3;5;0
0;231.9;12.3;2;3;0
0;37.8;14.2;3;5;0
0;72.8;10.5;3;4;0
0;94.8;11.4;1;5;0
0;221.8;12.4;1;9;0
0;269;7.3;2;4;1
0;268.3;6.3;1;7;1
0;198.7;12.5;1;5;0
0;115.5;11.5;7;7;1
0;202.1;13.3;2;5;0
0;215.6;12.4;1;6;0
0;169.9;11.5;1;2;0
0;201.7;6;0;4;0
0;221.1;8.4;4;3;0
0;218.7;9.4;2;5;0
0;293.7;11;2;10;1
0;120.3;7.7;4;3;1
0;175.8;11.1;2;2;0
0;278.5;11.6;1;5;1
0;236.3;7.2;3;2;0
0;273.8;11.7;1;3;0
0;131.1;5.6;5;9;1
0;167.4;11.2;4;3;0
0;197.7;10.5;3;3;0
0;169.5;9;2;7;0
1;225.2;11.7;0;4;0
0;174.5;10.3;4;5;0
0;129.7;7.5;5;3;1
0;200;11.4;3;2;0
0;95.9;13.3;0;4;0
0;152.8;9.1;1;2;0
0;129.9;14.3;1;3;0
1;268.4;9.7;2;8;1
0;188.5;15.2;2;5;0
0;170.6;6.1;1;1;0
0;191.4;8.2;1;3;0
0;75.3;12.3;1;1;0
0;149.8;10.9;2;7;0
0;115.9;7.1;1;4;0
0;128.8;14.1;2;4;0
0;131.7;11;1;5;0
0;101.4;12.2;1;2;0
0;149;9.5;4;5;0
0;96.8;13.4;2;4;0
0;107.5;12.6;2;3;0
0;232.8;12.9;0;7;1
0;121.1;8.3;3;5;0
0;124.3;3.5;0;6;0
0;157.7;13.8;1;3;0
0;124.3;14.8;0;1;0
0;286.4;6.9;1;6;1
0;141.7;8.8;0;6;0
0;173;4.8;0;3;0
0;268.7;5.8;2;1;1
0;218.5;9.4;0;6;0
0;255.3;3.7;3;5;0
0;41.9;11.4;1;5;0
0;260.8;5.8;1;2;0
0;239.4;7.7;0;3;0
0;226.7;10.2;0;1;0
0;179.3;13.5;1;6;1
0;158;10;1;5;0
0;175.7;14.1;1;7;0
0;157.4;8.8;3;3;0
0;113.1;6.9;1;2;1
0;182.7;8.8;1;2;0
1;161.3;14.1;0;3;1
0;142.5;7.5;2;2;0
1;190.5;9.7;2;2;1
1;159.3;11.9;1;5;0
1;153.8;9.2;1;6;0
1;180.7;12;2;6;0
0;202.7;12.1;0;7;0
0;190.8;8.9;0;6;0
0;205.1;9.2;2;6;0
0;235.6;7.7;1;2;0
0;189.3;7.4;0;3;0
0;166.9;11.5;1;1;0
0;245.2;7.5;0;4;1
0;132.6;12.7;4;2;1
0;182.3;11.6;2;7;0
0;192.3;10.5;2;3;0
1;122;10.8;2;2;1
0;193;9.6;2;2;0
0;158.6;9.1;0;3;0
0;91.5;12.7;2;8;0
0;153.6;12.5;1;10;0
1;221.6;11.5;1;3;0
0;244.7;6.6;1;1;0
0;239.8;9.5;0;4;0
0;172.4;11;0;5;0
0;242.5;10;3;3;1
0;117.6;11.3;2;10;0
0;174.5;11.3;1;7;0
0;157.3;12;1;7;0
0;192;15.1;1;3;0
0;218.2;8;1;1;0
0;144.6;10.9;1;3;0
1;153.6;14.1;0;4;1
0;135.8;7.9;2;6;0
0;160.7;8.2;0;5;0
0;202.5;7.8;1;2;0
0;152.2;12.3;1;5;0
0;227.4;4.7;0;7;0
0;191.6;9.2;2;3;0
0;138.9;10.8;1;3;0
0;127;6.1;0;6;0
0;168.6;7.3;1;4;0
0;286.6;11.5;1;5;1
0;164.6;15.2;1;4;0
0;144;13;1;4;0
0;141.6;10.2;0;11;0
0;204.3;12;1;4;0
0;163.2;6.2;1;10;0
0;225;10.7;0;4;0
0;176.1;8.5;2;6;0
0;254.2;13.8;5;7;0
0;174.9;8.5;1;5;0
1;187.3;9.6;0;2;1
0;211.8;10.7;3;9;0
0;241.9;11.7;0;6;0
0;196.1;12.9;3;1;0
0;231.3;12.4;3;2;0
0;161.6;13.8;1;2;0
0;194;11.9;0;5;0
0;109.7;15.4;3;8;0
1;277;8.3;1;3;0
0;192.1;6.1;0;3;0
0;198.4;13.1;0;4;0
0;209.2;9.5;0;3;0
0;184.8;18.4;2;3;0
0;167.8;7.3;2;4;0
0;139.2;11.8;3;3;0
0;221.3;4.4;0;4;0
0;121.6;8.9;1;2;0
0;270.4;15.4;1;7;0
0;139.6;8.8;2;4;0
0;253;11.8;2;3;0
0;183.9;15;1;3;0
0;203.3;7.8;3;2;0
0;200.6;7.7;3;2;0
0;167.6;13.4;2;6;0
0;156.5;9.9;2;2;0
0;215.1;10.6;1;10;0
0;301.7;10.5;1;6;0
0;152.3;11.3;7;5;0
0;195.4;15.1;1;11;0
0;208.7;8;2;3;0
0;190.1;14.2;0;6;0
0;185.4;8;4;3;0
0;183.2;9.7;0;3;0
1;54.2;8.6;1;2;1
0;208;8.1;1;9;0
0;230.3;13.2;1;4;0
0;240.8;7.1;2;3;0
0;195.7;5.3;2;3;0
0;276.1;8.9;0;4;1
0;166.1;16.2;2;3;0
0;135.9;11.5;4;3;1
1;189.1;13.9;2;3;1
0;177.9;11.5;1;4;0
0;143.9;12.5;2;8;0
1;148.2;8.6;2;3;0
0;287.1;13.9;2;1;1
0;179.7;9.3;1;8;1
0;165.8;10.9;5;3;1
0;144.1;14.5;1;3;0
0;172.5;5.9;0;6;0
0;199.8;5.5;1;4;0
0;109.1;10.9;2;5;0
0;171.8;9.7;1;5;0
0;222.3;12.1;1;4;1
0;245.8;11.2;0;7;0
0;164.6;8;0;3;0
0;211.7;7.4;0;7;0
1;147.2;7.7;0;2;1
1;254.7;8;0;3;1
1;170.1;8.7;1;4;0
0;195.1;11.4;0;5;0
0;149.3;7.9;7;4;1
0;81.9;8.9;2;1;1
1;191.1;9.8;0;3;0
0;206.9;8.3;3;2;0
0;239;13.5;1;8;1
0;179.3;8;0;5;0
0;185.3;5.5;0;5;0
1;141.4;8.1;2;3;0
0;248.6;12;1;1;0
0;152.5;4.9;2;3;0
0;145.6;11.4;1;7;0
0;164.2;8.1;1;1;0
1;221;9.7;1;4;0
0;295.4;11.5;1;2;1
0;139.8;9.4;2;7;0
0;162.3;14.8;4;1;1
0;272.7;7.7;0;2;1
1;200.3;12.9;2;3;0
0;157.1;11.1;1;9;0
1;135.8;12.3;2;7;0
0;236.7;12.7;1;6;0
0;111.4;5.5;3;6;0
1;156.1;14.7;0;3;1
0;191.1;12;2;4;0
0;153;10.3;1;15;1
0;218.8;10.3;4;3;0
0;205.4;10.3;3;2;0
1;225.2;9.9;0;1;1
0;249.9;8.9;2;6;1
0;131.6;10.2;3;5;0
0;197.9;10.1;0;9;0
0;166.5;9.9;1;5;0
0;225.4;12.9;1;3;0
0;275.8;7.4;2;5;1
0;142.9;10.8;1;6;0
0;207.2;9.9;1;1;0
0;206.2;10.2;1;6;0
0;210.3;11.2;1;7;0
1;225.7;14;1;7;1
0;167.8;14.5;4;4;1
0;197.7;7;2;3;0
0;169.8;10.9;1;4;0
0;190.6;9.8;2;1;0
0;80.3;12.8;2;3;0
0;231.7;12.1;0;2;0
0;69.1;6.5;0;4;0
0;188.8;8.2;4;7;0
0;150.6;10.4;8;8;1
0;192;5.5;2;4;0
0;163.7;9.9;3;3;0
0;211.7;6.5;1;9;0
0;175.5;11.8;1;3;0
0;150.1;11;2;3;0
0;189.5;14.2;1;2;0
0;70.8;9.5;6;1;1
0;215.5;8.6;1;6;0
0;101.7;9.4;3;6;0
0;258.4;9.7;4;8;0
0;242.4;11.8;1;6;0
0;131.8;11.3;1;2;0
0;190.2;9.8;2;6;0
0;154.1;9.8;2;4;0
0;188;15.3;3;3;0
0;103.1;11.2;1;5;0
0;175.4;11.6;0;4;0
0;145.4;10.9;1;1;0
1;250.6;7.8;1;5;0
0;161.5;8.6;1;5;0
0;260.1;10;1;2;1
0;281.3;8.7;0;3;1
1;130.1;13.6;3;5;1
0;102;11.4;2;3;0
0;218.7;12.1;1;4;0
0;128.5;6.8;1;6;0
0;128.7;9.2;2;4;1
0;172.2;8.7;1;4;0
0;199.2;7.6;1;3;0
0;184.5;8.8;2;3;0
0;168.6;10.9;0;7;0
0;174;6.7;1;3;0
0;230.4;8.5;1;3;0
0;198.2;5.1;1;5;0
0;186.1;8;0;4;0
0;148.5;6.8;1;2;0
0;157.1;10;0;8;0
0;155;7;4;4;1
1;129.3;9.6;1;7;0
0;188.5;6.1;1;6;0
0;208.8;11.1;0;5;0
0;238;11.8;0;10;1
0;211.1;5.6;0;4;0
0;198.9;12.6;3;4;0
0;212.8;10.2;1;2;0
0;137.4;12.4;3;2;0
0;191.8;12.8;2;3;0
0;149;13.9;0;11;0
0;117.1;11.1;3;4;0
0;108;10.4;3;3;0
0;112.8;10.1;0;5;0
0;175.9;11;1;6;0
0;236.6;11.1;1;2;1
0;169.4;2;1;7;0
0;129.6;9.4;3;10;0
0;177.1;8;1;6;0
0;133.3;13.5;1;2;0
0;167.8;13;5;3;0
0;174.6;9;1;4;0
0;150.3;12.5;2;4;0
0;283.2;6.3;5;1;0
0;157.8;8.7;5;2;1
0;141.2;7;2;2;0
0;230.2;10.4;1;2;0
1;237.8;15.6;2;6;1
1;204;13.3;3;3;1
0;221.1;7.4;1;3;0
0;177.2;12.7;4;2;0
0;118;5.3;1;5;0
0;163.8;15.7;0;4;0
0;141.3;9.4;3;3;0
0;272.5;16.4;3;5;1
0;118.9;8.2;2;5;0
0;7.9;12.1;0;1;0
0;159.5;10.2;0;4;0
0;150.2;12.1;1;2;0
0;144.5;12;2;7;0
0;140.7;12.4;2;4;0
0;169.2;12.6;1;3;0
0;220.8;7.6;2;3;0
0;216.3;4.5;0;3;0
0;169.5;10.6;0;7;0
0;256.3;11.7;1;1;0
0;179.7;7.6;1;3;0
0;266;13.1;3;6;0
0;96.7;9.7;2;3;0
0;82.7;10.9;0;9;0
0;168.2;10.1;3;3;0
0;286.4;10.7;1;14;1
0;174.3;12.9;3;5;0
1;190.6;13;1;6;0
0;175.5;17.8;4;3;0
0;133.4;11.1;1;7;0
0;204.6;6.6;3;2;0
0;242.2;6.2;3;6;0
0;253.1;11.9;3;4;0
0;130;8.3;0;4;0
0;105.9;12.7;0;7;0
0;194.2;9.3;3;7;0
0;183.8;6.1;1;2;0
0;196.5;10.8;2;2;0
0;184.5;13.7;3;3;0
0;261.9;13.8;0;4;0
0;202.4;9.2;3;5;0
0;167.4;9.5;3;4;0
0;167.7;7.5;1;11;0
0;191.7;11.1;1;4;0
0;240.2;5.2;2;1;0
0;189.1;11.1;1;4;0
0;127.7;10.6;1;7;0
0;205.2;13.4;1;3;0
0;153.6;12.6;2;3;0
0;154.5;13.4;2;3;0
0;153.7;14.1;1;6;0
1;171.2;10.8;1;3;0
0;328.1;8.7;1;3;1
1;145.9;14.4;0;10;1
0;201.2;11.8;1;1;0
0;139.1;11.4;5;9;0
0;118.9;13.2;2;10;0
0;217.6;10.4;2;4;1
0;145;14.6;1;2;0
0;203.5;8.7;3;3;0
0;240.1;8;3;6;0
0;83.8;6.7;1;8;0
0;269.8;10.1;1;8;1
0;126.3;10.6;1;2;0
0;88.1;9.7;2;1;0
0;218.5;9.9;2;4;0
0;236.8;11.2;1;8;0
0;124.1;6.4;3;5;0
1;184.2;10;0;10;0
0;222.7;13.6;4;4;0
0;149.2;11.1;1;5;0
0;206.5;12.2;3;4;0
0;159.7;9.6;3;9;0
0;204.7;7;2;2;0
0;213.2;7.5;1;4;0
1;269.6;8.2;1;6;0
0;116.7;9.7;2;6;0
0;263.4;13;0;4;0
0;140.2;7.1;1;2;0
0;197.7;13.5;1;3;0
0;136.2;13.3;3;7;0
0;88.5;11.5;2;3;0
0;215.3;12.1;0;9;0
0;269.2;8.9;3;2;1
0;203.8;7.3;0;5;0
0;268.4;10.3;0;3;0
0;159.1;10.3;1;4;0
0;114.4;10.1;2;5;0
0;138.9;9.2;2;3;0
0;186;12.2;1;6;0
0;170.4;15.1;0;5;0
0;164.5;9.9;4;3;0
0;168.6;12.3;1;4;0
0;261.2;9.8;0;2;1
0;190.5;13.1;1;5;0
0;181.1;4.2;2;9;0
0;177.1;6.5;3;6;0
0;160.5;11.3;1;4;0
0;134.7;6.6;2;5;0
0;198.2;8.8;2;1;0
1;228.9;10.1;4;2;1
0;241.7;13.1;0;3;0
0;131.1;4.3;1;4;0
0;234.1;13.1;2;9;0
0;200.1;11.9;0;5;0
0;154;10.1;1;7;0
0;224.2;9.8;0;4;0
0;148.3;8.3;3;6;0
0;174.6;8.8;2;5;0
0;138.5;11.1;1;7;0
0;109;12.6;1;2;0
0;162.3;11.1;4;8;0
0;210.8;16.4;2;3;0
0;142.4;11.1;1;7;0
0;223.5;10.6;2;5;0
0;182.5;7.5;2;2;0
0;219.6;10.8;2;4;0
0;193.6;12.9;0;3;0
0;192.4;11;0;6;0
0;236.2;13.3;0;4;0
0;233.2;16.1;0;4;0
0;158.8;9.8;2;4;0
0;126.1;9.8;1;4;0
0;290.4;10.1;3;5;1
0;60.6;13.3;0;7;0
0;148.4;6.9;0;6;0
0;246.5;12.7;2;3;0
0;298.1;9.7;2;4;1
0;119.3;10.9;2;4;0
0;242.5;9.6;0;7;0
1;222.1;13.6;0;2;1
0;236.2;10.1;2;6;1
0;144.2;9.5;0;4;0
0;154.6;12.6;3;1;0
0;137.4;10.2;2;6;0
0;103.7;14.4;0;1;0
0;136.6;12.2;4;2;1
0;289.8;11.7;2;4;1
0;260.9;13.3;3;5;0
1;196.2;15.2;0;1;1
0;195.6;14.2;1;4;0
0;222.2;11.9;4;7;0
1;172.9;9.8;0;1;1
0;249.8;11.6;0;4;1
0;154.5;13.7;1;3;0
0;90.4;12.7;1;2;0
0;268.8;16.4;0;3;0
0;106.1;8.1;1;3;0
0;27;10.7;3;3;0
0;140.1;3.8;1;10;0
0;245;9.7;1;6;0
0;196.7;11.2;3;5;0
0;131.2;10.2;2;6;0
0;149.6;7.4;2;4;0
0;239.8;10.9;1;10;0
0;142.1;11;1;4;0
0;115.4;6;3;3;0
0;193;10.3;2;8;0
0;206.1;13;1;1;0
0;160.3;11.2;0;2;0
0;199.9;11.3;1;7;0
0;213.1;8.9;0;3;0
0;178.3;10.9;3;1;0
1;252.3;12;3;5;1
0;197.7;13.2;4;5;0
0;111.1;6.6;2;3;0
0;96.5;12.5;1;3;1
0;156.9;11.3;3;5;0
0;123.3;12.7;1;2;0
0;193.7;10.8;1;5;0
1;206.9;10.9;0;4;0
0;249.8;12.7;3;4;1
0;144;10;1;7;0
0;299.5;11.6;0;5;0
0;226;12.6;2;4;1
0;137.6;9.6;2;6;0
1;211.7;11.1;1;3;0
0;89.7;9.5;2;4;0
1;197.6;12.5;2;8;0
0;270;12;2;5;1
0;224.7;11.3;3;11;0
0;194.3;10.2;2;2;0
1;47.7;13.2;0;3;1
0;190.1;13;1;2;0
1;89.5;7.9;1;1;1
0;182.6;12.1;0;5;0
0;205.5;6.9;1;4;0
0;231.5;7.4;1;10;0
1;251.3;9.9;3;1;1
0;171.2;13;2;3;0
0;197.9;11.2;2;2;0
0;134.8;6.7;1;8;0
0;191.4;10.3;1;3;0
0;174.5;10.6;0;2;0
0;177.4;10.9;0;4;0
0;182.1;6.8;1;1;0
0;222.4;11.2;0;4;0
1;47.8;13.3;0;7;1
0;121.8;10.3;1;5;0
0;143.5;8.8;3;5;0
0;164.9;7.8;2;4;0
0;193.6;13.1;2;1;0
0;101.1;7.3;0;5;0
0;92.3;11.6;2;3;0
0;168.9;2.9;2;7;0
0;219.2;15;1;5;0
0;178.1;13;0;4;0
0;146.5;14;3;6;0
0;172.3;11.8;1;5;0
0;190.9;13;1;3;0
0;232.1;10.9;3;2;1
0;169.2;12.4;4;4;1
0;123.8;7.3;2;4;0
0;96;9.7;3;4;0
0;93.4;10.9;1;1;0
0;90.6;5.4;1;9;0
0;152.9;5.3;2;6;0
0;257.9;9.4;2;2;0
1;85.2;9;2;3;0
0;160;6.1;1;10;0
0;182.9;11.5;0;4;0
0;216.2;3.1;2;1;0
0;261.7;3.3;0;5;0
0;241.2;8.5;2;4;0
0;177.2;8.4;1;6;0
0;89.5;14;2;3;0
1;200.3;10.4;1;3;0
1;145;11;4;2;1
0;159.5;6.8;2;3;0
0;151.8;11.2;3;8;0
0;176.2;10.6;1;4;0
0;152.1;9.8;0;5;0
0;161.3;9.6;1;3;0
1;171.7;6.8;3;3;0
0;278.9;11.7;0;7;1
0;213;11.1;4;3;0
0;242.9;4.8;1;12;0
0;217.2;12.4;0;2;1
0;175.9;13;1;7;0
0;303.2;11.5;0;3;1
0;238.9;11.8;2;3;0
0;189.6;11.4;2;5;0
0;133.3;11.3;5;5;1
0;92.7;9.9;3;4;0
0;177.2;8.6;3;7;0
0;184.5;10.2;2;6;0
0;176.1;12.1;0;9;0
0;204.7;11;6;4;0
0;143.6;15.5;2;5;0
0;179.3;12.1;1;5;0
0;137.3;10.5;1;2;0
0;237.8;10.2;2;6;0
0;203.7;7.6;2;5;0
0;191.3;17.6;2;5;0
1;209.1;7.8;2;3;0
0;88.8;7.1;3;9;0
0;97.2;12.4;0;5;0
0;137.9;11;1;5;0
0;224.3;10;2;1;0
0;207.6;9.7;1;3;0
0;268.1;14.4;2;6;0
0;166.7;6.8;4;7;1
0;267.1;17.3;1;4;1
0;181.8;9.3;2;3;0
0;147.1;13.7;0;7;0
0;37.7;4.9;1;3;0
0;185;11.4;2;3;0
0;156.4;8.6;2;4;0
0;239.3;10.9;1;3;0
0;215.5;8.8;2;5;0
0;134.9;11.3;1;6;0
0;194.8;12.8;0;3;0
0;239.1;13.3;5;3;0
0;92.6;14.4;3;4;0
0;209.4;7.2;1;4;0
0;197.6;6.4;1;6;0
0;17.6;10.6;1;6;0
1;62.9;8.9;1;8;0
0;202.3;6.7;1;3;0
0;136.1;11.3;0;4;0
0;207;2.6;1;6;0
0;207.9;13.5;1;3;0
1;276.5;7.2;1;3;1
0;313.8;10.1;3;7;0
1;288.5;13;1;5;0
0;210.9;9.4;4;5;0
0;64.9;14.6;1;1;0
0;243.5;9;1;9;0
0;197;8.7;3;3;0
0;278;8.7;0;4;0
0;219.9;10;1;4;0
0;313.2;12.8;2;4;1
0;145.7;11.3;0;7;0
0;75.8;8.2;0;13;0
0;195.9;12.2;3;4;0
0;132;8.7;1;10;0
0;124;11.7;2;2;0
0;171.9;7.6;2;3;0
0;249.4;9.9;4;2;0
1;228.4;7.7;0;7;0
0;168.6;5.9;3;2;0
0;123.7;13.3;0;4;0
0;178.7;8.4;1;4;0
0;113.2;9.5;1;5;0
0;142.4;13.4;2;6;0
0;204.2;8.3;0;4;0
0;149.7;12.6;3;4;0
0;227.1;4.7;5;4;1
0;155.3;12.6;2;5;0
0;156.4;11.8;1;3;0
0;148.7;10.4;0;7;0
0;271.7;6.6;3;4;0
0;193.7;8.8;0;4;0
1;245.5;10.8;1;7;0
0;245.3;10.7;3;2;1
0;196.1;11.9;0;1;0
0;134.1;10.5;2;2;0
1;225;9.1;1;3;0
0;189.7;7.4;0;4;0
0;142.9;6.6;0;4;0
0;175.6;10.2;1;6;0
0;92.4;12.9;2;4;0
0;92.8;8.8;1;5;0
0;221.7;8;0;4;0
0;159.6;8.8;0;3;0
0;144.5;17;2;6;0
0;159.1;11.5;2;6;0
0;49.9;10.1;2;4;0
0;116.9;11;0;9;0
0;150;11.1;3;3;0
0;254.4;6;1;5;0
0;270.7;10.9;3;3;0
0;207;12.1;1;3;0
1;145.3;8.9;0;4;0
0;230.7;13.5;3;2;0
0;151.5;10.8;1;2;0
0;146.1;9.2;0;3;0
0;256;11.5;3;4;0
0;200.2;11.6;3;4;0
0;150.7;7;2;4;0
1;186;12.9;1;4;0
0;212.9;6.3;3;3;0
0;194.8;11.5;0;7;0
0;272.5;8.7;3;6;0
0;135.1;11.7;1;4;0
0;154.6;15.5;1;2;0
0;230.5;10.6;5;6;0
0;165.4;8.2;1;1;0
0;143.3;7.8;4;2;1
0;271.1;9.8;2;5;1
0;253.5;14;0;2;0
0;167.1;9.4;6;1;1
0;168.3;8.4;1;6;0
0;104.7;8.9;1;2;0
0;135.4;10.6;1;2;0
0;191.4;7.2;1;2;0
0;158.7;10.5;1;4;0
0;144.8;8.2;2;4;0
0;98.8;10;3;4;0
1;157.8;10;3;2;1
0;163;11.6;1;5;0
0;181.6;8.3;4;6;0
0;129;11.2;2;3;0
0;86;8.9;1;4;0
0;193.9;12.6;0;7;0
0;109.4;7.1;0;7;0
0;188.9;10.2;2;2;0
1;179.9;13.8;1;2;1
0;183.4;8.2;1;8;0
0;288.1;0;0;0;0
0;169.2;4.6;2;4;0
1;195.5;13.5;1;9;1
0;264.4;11.3;2;3;0
0;207.7;9.6;0;5;0
0;169.5;8.7;0;4;0
0;141.5;3.4;2;4;0
0;154.8;12.8;0;4;0
1;133.5;11.7;1;4;0
0;273.2;13.1;2;7;1
0;224.6;12.5;2;8;0
0;273.8;5.8;2;3;1
0;159.5;10.1;1;2;1
0;104;14.6;0;8;0
0;115.4;13.1;1;4;0
0;222.1;9.4;2;3;0
0;116.4;10.5;3;3;0
0;217.7;0;3;0;0
0;129.4;13.3;0;3;0
0;161.8;13.7;0;4;0
0;198.8;11.5;1;5;0
0;147.8;14;1;5;0
0;262.3;6.6;3;5;0
0;246.4;7.6;1;7;0
0;174.3;9;4;6;1
0;183.4;9.9;4;4;0
0;191.9;18.2;1;3;0
0;187.8;10.1;2;3;0
0;259.7;10.2;0;2;0
1;180.4;8.4;0;5;0
0;51.8;10.4;2;4;0
0;303.9;5.8;1;3;1
0;123.7;8.8;1;4;1
0;206.2;12.6;3;7;0
0;164.3;11.8;2;1;0
0;228.6;10.1;9;2;1
0;200.4;7.6;1;5;0
0;154.3;10.9;0;8;0
0;122.9;9.6;2;2;0
1;220.8;6.4;0;3;0
0;214.6;13.9;0;2;0
1;202;7.4;2;2;1
0;209.5;9.1;6;6;1
0;297.9;8.9;1;5;1
0;212.8;10.6;0;4;1
0;145.6;12.2;0;5;0
0;152.9;10.8;2;6;0
0;125.4;11;1;7;0
0;138.3;8.3;0;8;0
0;189.3;11.2;3;5;0
0;199.3;14.3;4;2;0
1;247.5;10.6;2;3;0
0;294.9;13.2;1;5;1
0;175.4;11.5;1;3;0
0;179.4;11.2;1;5;0
1;126.8;8.4;0;4;0
1;239.7;11.4;1;1;1
0;143;15.3;5;4;1
0;91.9;13;2;7;0
0;210.4;15.5;1;4;0
0;201.3;6.4;1;6;1
0;145.6;9.2;2;4;0
1;203.5;13.4;1;6;1
0;232.4;10.5;1;2;0
0;86.5;8.7;2;2;0
0;109.9;10.9;0;6;0
0;156;9.3;1;5;0
0;326.3;7.5;1;1;1
0;195;14.8;0;9;0
1;110;6.4;0;7;0
0;147.1;9;5;3;1
0;156;11.9;2;5;0
0;98.2;9.3;2;4;0
0;210.6;11;0;5;0
0;239.9;8.9;2;4;1
1;159.9;11.6;2;2;1
0;197.8;10.9;4;3;1
0;115.4;15.2;2;6;0
0;123.8;3.7;0;2;0
0;117.6;6.4;1;3;0
0;105.3;8.6;2;6;0
0;111.7;13.1;1;6;0
0;159.3;9.5;2;3;0
0;81.7;11.3;6;3;1
0;238;10;2;5;0
0;128.1;15.6;0;3;0
0;171.2;10.2;1;4;0
0;109;13.3;4;3;1
0;220;12.1;2;3;0
0;55.6;11.3;0;4;0
0;286.6;10.3;1;6;0
0;207.6;13.3;1;2;0
0;109.6;8.3;4;4;1
0;197.2;11;2;5;0
0;175.7;14.6;1;4;0
0;205.2;7;0;6;0
0;193.1;12.1;1;4;0
0;232.6;4.7;3;3;0
0;102.7;11;0;5;0
0;263.1;9.7;5;4;0
0;197;11.6;1;5;0
0;169.3;11.6;2;6;0
0;201.5;12.9;1;4;0
0;251;13.8;3;3;0
0;230.4;7.6;3;6;0
0;109.8;11.9;1;6;0
0;279.5;10.7;2;4;1
0;173.4;13.7;1;6;0
0;214.4;10;1;8;0
0;96.1;9.7;1;4;0
0;101.4;7.1;1;6;0
0;232.5;10.4;4;6;0
0;174.5;12.2;1;2;0
0;224;8.8;1;4;0
0;211.1;14.7;4;7;0
0;109.2;9.8;2;5;0
0;220;11.5;0;5;0
0;181.4;10.9;2;4;0
0;180.7;10.1;2;4;0
0;96.5;9.4;1;2;0
0;183.5;8.3;3;5;0
0;107.9;10.5;0;2;0
1;161;7.7;1;6;0
1;146.8;4.3;1;2;1
0;149.2;8.3;3;2;0
0;227.8;5.6;3;4;0
0;160.3;7.4;0;3;0
0;137.8;10.2;1;6;1
0;141.7;8.5;0;7;0
0;196.4;9.3;0;1;0
0;175.2;5.3;1;3;0
0;146.8;9.9;1;3;0
0;173.9;9.1;1;7;0
0;305.2;13.2;1;7;0
1;162.3;11.7;3;2;1
1;150;10.3;3;7;0
0;197.5;11.3;1;4;0
0;240.2;10.2;2;6;0
0;186.2;12.9;2;3;0
0;116.9;12.3;0;2;0
0;236.7;12;1;4;0
0;173.2;5.4;0;3;0
0;152.2;9.8;0;3;0
0;181.3;6.7;0;2;0
0;167.8;10.5;4;6;1
0;175.4;9.8;1;9;0
0;87.6;9.8;2;10;0
0;203.3;8.5;0;6;0
0;92.6;11.3;5;3;1
0;262.9;8.1;1;4;0
0;160.8;8.5;1;3;0
0;141.8;7.8;1;3;0
0;50.6;4.2;2;4;0
0;134.9;10.2;1;5;0
0;252.1;13.8;1;3;0
0;215.5;9.6;1;3;0
0;124.8;13.4;0;4;0
0;178.7;16.4;2;5;0
0;183.2;9.9;2;5;0
0;167.5;13;1;1;0
0;147.1;12.5;3;9;0
0;230.1;13.2;1;4;0
0;135.8;12.6;0;3;0
0;205.7;8.7;2;3;0
0;73.8;10.9;2;3;0
0;189.3;10;2;1;0
0;147.2;7.2;3;6;0
0;137.3;10.2;0;3;0
0;70.7;0;2;0;0
0;204.6;10.7;0;5;0
0;123.1;12;5;2;1
0;129.7;12.2;2;3;0
1;198.7;12.4;0;4;0
0;145.1;7.9;2;5;0
0;135.2;8.4;2;5;0
0;124.7;7.8;1;8;0
0;215.9;12.1;1;4;0
0;119.2;8.4;2;9;0
0;144.3;7.8;3;10;0
0;235.2;11.8;1;4;0
0;174;9.7;0;2;0
1;115;6.4;0;1;1
0;151.7;13.1;2;8;0
0;153.1;9.9;3;9;0
0;218.6;9.2;2;5;0
0;265.2;10.7;2;9;0
0;143.3;10.1;1;4;0
0;190.3;7.2;2;9;0
0;184.7;12.3;2;6;1
0;115.3;18;1;2;0
0;113;9.2;2;5;1
0;294.2;9;0;1;1
0;215.6;6.4;3;8;0
0;128.8;14;1;7;0
1;211.2;10.7;3;2;1
0;71.2;12.9;1;1;0
0;94.9;14.2;2;2;0
0;259.4;9.5;1;3;1
0;215.8;6.9;1;3;0
0;97.5;13.2;3;4;0
0;146.5;8.2;0;5;0
0;157.9;12.2;2;5;0
0;139.9;12.7;2;4;0
0;153.2;11.9;1;7;0
1;103.5;8.4;2;4;0
0;185.8;6.6;1;4;0
0;129.5;10.9;1;3;0
0;236.6;8.9;1;2;0
0;260.4;10;6;2;0
0;167.3;6.7;2;5;0
0;182.2;9.3;2;4;0
0;113;10.8;2;4;0
0;185.7;16.9;0;6;0
0;136.2;9.6;0;5;0
0;222.6;11.5;1;2;0
0;197.3;9;1;6;0
0;141.4;7.7;1;6;0
0;208;8;1;11;0
0;118.5;12.1;1;4;0
0;153.2;10.7;1;8;0
0;108.3;13.5;0;2;0
0;168.6;14.4;2;8;0
0;247.2;9.3;2;2;1
1;224.2;12;3;8;0
0;166.9;12.8;3;4;0
0;118.4;8.5;1;6;0
0;190.9;7.8;2;3;0
0;317.8;10.4;1;7;1
0;312;12.8;1;4;1
0;146;13.3;1;2;0
0;131.6;15.5;1;3;1
0;193.4;11.1;2;11;0
0;185.1;8.5;2;5;0
0;193.3;11.8;0;4;0
0;146.4;7.8;1;2;0
0;71.2;8.6;0;4;0
0;123.2;12.9;4;5;1
0;205;7.5;2;4;0
0;128.7;12.8;1;6;0
0;216.9;11.4;3;5;0
0;150;9.8;3;1;0
0;164.1;11.4;1;2;0
0;212;8.9;3;7;0
0;167.3;12;2;9;0
0;154.4;13.9;1;4;0
0;177.3;9.3;3;7;0
0;231.2;8.8;1;5;1
0;202.9;12.8;5;3;0
0;149.6;14.3;0;9;0
1;345.3;11.8;1;8;1
0;264.9;8.4;1;4;1
0;122;5.8;1;5;0
0;177.2;14;2;2;0
0;133.1;10.3;1;8;0
0;225.1;8.8;0;4;1
0;208.4;11.2;1;4;0
0;173.1;11.5;1;5;0
1;162.4;11.4;2;2;1
0;281.2;6.4;2;5;0
0;208.3;15.9;3;4;0
0;243.4;14.1;2;8;0
0;224.2;16.1;1;3;1
0;189.3;9.9;3;3;0
0;168.3;6.7;4;2;0
0;232.9;10.7;1;6;0
0;155;5.9;1;4;0
0;154.4;11.8;0;3;0
0;234.7;8.4;2;8;0
0;240;7.1;1;9;0
1;298.4;12.2;0;2;1
0;166;10.9;1;4;0
0;111.6;16;0;3;0
0;174.5;10.7;2;2;0
1;175.5;6.9;1;5;0
1;157.5;11.1;3;2;1
0;206.2;11;1;7;0
0;207.5;7.5;4;16;0
0;144.8;11.6;4;2;0
0;258.8;10.9;2;7;0
0;226.9;11.6;0;2;1
0;152.9;12;2;5;0
0;156.7;12.6;2;6;0
0;150.8;12.5;1;1;0
0;221;6.8;4;3;0
0;322.4;6.7;1;3;1
0;153.6;9.8;2;3;0
0;215.1;12.4;2;2;0
0;174.4;11.8;1;3;0
0;180.5;10.6;0;3;0
0;123.1;12.6;2;7;0
0;165.7;10;1;4;0
0;200.2;6;2;6;0
0;154.8;5.9;3;9;0
0;125.4;11.4;2;9;0
0;184.2;12.2;1;4;0
0;274.7;10.8;3;3;0
1;142;11.3;1;5;0
1;151.5;10;1;4;0
0;124.8;10.6;3;7;0
0;179.2;12.4;0;2;0
1;246.4;12.1;2;2;1
0;232.7;11.5;5;6;0
0;288;13.4;0;4;1
0;170.8;12.7;1;1;0
0;216.1;9.8;1;3;0
0;138.7;4.9;2;4;0
0;210.7;9.2;3;5;0
0;181.8;9.7;0;9;0
0;61.6;12.4;1;5;0
0;207.7;6.8;1;3;0
0;219.2;10;1;5;0
0;227;8.9;2;1;0
0;245.9;8.9;3;5;0
0;257.3;13.5;0;7;0
0;121.1;16.1;2;5;0
0;301.5;13.4;4;2;1
0;233.9;9.5;0;3;0
1;99.6;13.7;2;6;1
0;169.8;12.7;2;7;0
1;198.8;14.4;1;3;1
1;116.2;10.1;3;3;0
1;255.9;12.1;1;2;1
0;187.7;10;3;4;0
0;195.9;8.6;0;4;0
0;129.4;1.1;2;2;0
0;221;9;2;6;0
0;140.5;9.5;2;5;0
1;277.9;9.2;0;10;1
0;224.9;6.7;3;5;1
0;109.1;12.8;0;6;0
0;207.8;5.7;0;9;0
0;205.9;12.1;0;8;0
0;308.6;7.3;4;3;1
0;242.6;14.4;2;6;0
0;229.6;3.3;1;3;0
0;166;7.7;2;3;0
0;144.8;13.3;0;9;1
1;106.1;12.9;0;3;0
0;221.8;13.2;1;4;0
0;204.6;9.8;2;7;0
0;213.5;14.1;3;3;0
0;152;10;2;1;0
1;260.8;17;1;6;1
0;166.4;10;1;2;0
0;177.9;15.2;0;8;0
0;235.1;7;3;7;0
0;186.8;9.7;2;4;0
1;268.4;11.6;1;4;0
0;192.1;7.3;3;3;0
0;240.7;10.1;0;3;1
0;179.9;9.8;2;7;0
0;314.1;12.3;3;5;1
0;162;11.9;0;5;0
0;175.8;12.4;1;4;0
0;109.4;11.6;0;5;0
0;255.1;8.5;3;5;1
1;208.7;8.3;3;3;0
0;214.6;7.9;1;5;0
0;49.2;12.1;1;13;0
0;141.3;11.2;2;3;0
0;253.2;9.7;4;7;0
0;206;13.2;0;3;0
0;40.4;9;2;2;0
0;291.2;8.9;1;3;1
0;71.2;11.7;0;3;0
0;261.8;14.7;0;4;1
0;191.3;10;1;3;0
0;133.3;11.6;0;2;0
0;183.6;6;2;3;0
0;155.2;15.4;1;6;0
0;283.1;6.1;1;8;0
0;186.5;12.1;2;4;0
0;163.3;4.3;0;6;0
0;203.4;13.8;1;2;0
0;178.1;10;1;6;0
0;195.9;10.3;1;3;0
0;295.3;9.6;1;6;0
0;136.1;10.1;2;5;0
0;114.1;13;2;9;0
0;279.1;9.5;2;11;1
0;169.3;12;0;3;0
0;214.4;9.9;2;1;0
1;255.8;11.7;0;3;0
0;148.2;6.2;2;3;0
0;119.3;8.7;2;4;0
0;192.3;14.8;1;8;0
0;245.2;13.9;0;6;1
1;216.2;16.9;5;2;1
0;172.4;0;2;0;0
1;175.3;11.1;1;3;0
1;169;13.3;0;3;1
0;2.6;9.2;3;5;0
0;184.1;9.9;1;2;0
0;181.9;7.5;1;3;0
0;160.1;10.8;0;9;0
0;189.8;10.3;0;1;0
0;223.2;12.4;1;2;0
0;216;10.7;2;1;0
0;198.5;8;2;7;0
0;159.5;7.1;1;7;0
0;105;10.2;2;2;1
0;204.5;13.4;3;1;0
0;274;6.2;0;1;1
0;158.7;7.7;2;10;0
0;229.9;14.2;1;6;0
0;137.8;8.7;1;6;0
0;179.4;7.9;0;4;0
0;139.3;8.1;3;1;0
0;7.8;12.9;2;2;0
0;183.1;11.3;1;7;0
0;206.9;10.7;0;3;0
0;140;12.5;2;1;0
0;179.2;5.8;2;7;0
0;177.4;12;0;3;0
0;115.6;12.6;1;9;0
1;237.3;14.2;0;4;1
0;181.5;10.5;1;7;0
0;51.5;9.5;3;4;0
0;155.7;8.2;3;2;0
0;245;14.9;2;3;0
0;131.7;10.7;1;3;0
1;111.1;10.5;1;6;0
0;88.5;8.2;3;4;0
0;116;12;1;2;0
0;155.5;9.1;1;2;0
0;106.5;5.7;2;3;0
0;175.2;13.2;1;6;0
0;154.7;5.9;4;2;1
0;247.2;6.1;2;5;1
1;218.4;13.2;0;3;1
0;227.5;9;1;13;0
0;185;7.4;0;7;0
0;186.8;12.3;2;6;0
0;158.8;10.3;1;3;0
0;208.7;8.5;0;4;0
0;185.9;11.3;3;4;0
0;222.5;9;2;3;0
0;201.1;11.6;3;3;0
0;167.9;9.1;1;2;0
0;239.1;10.9;3;3;1
0;175.7;9.2;5;3;1
0;111.2;9;6;6;1
0;87.7;10.8;1;6;0
0;244.1;7.2;0;2;0
0;165;7.7;2;4;0
0;127.4;9.1;0;3;0
0;194.8;5.5;0;3;0
0;54.7;11.1;1;4;0
0;283.4;14.4;2;7;0
1;258;10.9;0;3;1
0;90.5;9.3;1;2;0
0;235.6;16.2;0;2;0
0;142.5;10;2;4;0
0;54;10.2;1;8;0
0;214.8;9.4;3;3;0
1;251.4;11;0;2;1
0;139;6.1;4;3;0
0;117.3;14.4;2;2;0
0;264;10.6;3;8;0
0;82.6;9.1;1;4;0
1;175.8;11.4;1;5;0
0;220.4;13.6;2;8;0
0;217;11.8;2;4;0
0;129;11.6;1;5;0
0;150.5;3.5;1;3;0
0;193.3;11.1;0;4;0
0;189.5;10.8;2;5;0
0;137.8;11;2;6;0
0;129.3;12.3;3;4;0
0;115.6;10.7;1;6;0
0;221.9;7.2;2;5;0
0;263.7;18.3;1;6;1
0;61.3;11.4;1;9;0
1;183.8;10.1;1;4;0
0;167.4;10.3;0;3;1
0;154.1;13.2;4;2;0
0;252;5.7;0;5;0
1;163.1;11.2;0;3;0
0;198.3;16.6;2;4;0
0;324.7;13.1;0;5;1
0;128.3;14.3;2;9;0
0;187.9;10.2;2;11;0
0;129.2;10.3;5;4;1
1;125.5;6.3;4;6;1
0;257.2;12.6;1;4;0
0;124.6;10.5;1;6;0
0;175.1;9.9;1;3;0
0;124.3;7.5;3;5;0
0;271.6;11.6;2;9;0
0;219.9;11.7;1;7;0
0;183.3;10.4;3;15;0
0;101.1;10.3;2;5;0
0;203.3;14.3;1;3;0
0;175.4;10.5;2;3;0
0;266;14.2;2;2;1
0;171.6;10.8;0;7;0
0;78.7;14;0;8;0
0;211.9;9.4;0;2;0
0;63.7;10;1;6;0
0;173.4;11.5;1;4;0
1;237.7;4.5;0;4;0
0;225.9;10.1;1;4;0
1;173;12.2;0;4;0
0;224.9;8;0;2;0
0;237.7;7.7;1;4;0
0;137;10;2;5;0
0;142.5;8.2;2;3;0
0;142.4;4.6;1;4;0
0;147;8.7;2;3;0
0;220.3;10.6;1;4;0
0;149.2;8.1;1;2;0
0;204.4;10;0;4;0
0;216.8;5.6;1;2;0
0;308;7.4;1;3;0
0;58;11.5;0;3;0
0;173.2;11.8;2;6;0
0;210.3;13.1;4;3;0
0;58.9;12.1;0;6;0
0;236.8;9.7;3;3;0
0;228.9;12.5;0;2;0
0;90;8.6;2;6;1
0;146.7;11.1;2;4;0
0;237.3;11.2;1;6;0
1;162.8;13.6;0;3;1
0;186.9;8.9;1;2;0
0;86.1;9.1;2;9;0
0;212.3;11.3;2;2;0
0;151;9.2;2;2;0
0;158.6;6.9;2;5;0
0;296;12.3;0;10;1
0;212.3;6.6;3;2;0
0;234.4;10.4;3;6;0
0;176.8;6.5;2;3;0
0;157.3;9.6;0;6;0
0;146.6;10;1;2;0
0;260.5;9.8;1;5;0
0;146.1;6.2;1;3;0
1;124.5;11.4;2;2;1
0;209.4;9.8;1;11;0
0;285.7;8.7;1;4;1
0;190.9;8.4;1;2;0
0;144.4;9.9;1;3;0
0;208.8;11.1;2;4;0
0;77.6;10.9;1;2;0
0;271.1;8.4;1;6;1
0;240.8;11.6;0;1;0
0;114.8;12.2;0;5;0
0;138.8;11.8;1;7;0
0;209.8;7.2;0;6;0
0;134.9;14.7;3;2;0
1;164;6.4;0;4;0
0;245.5;9.1;1;4;0
0;80.3;16.6;0;3;0
0;90.7;5.6;2;5;0
0;190.3;3.8;1;4;0
0;108.6;7.9;1;5;1
0;89.8;9.3;4;7;1
0;252.4;10;2;3;0
0;183.4;6.7;5;4;0
1;183.4;10.4;2;9;0
0;155.2;3.8;3;9;0
0;165.8;0;1;0;0
0;209.4;12.8;0;1;0
0;279.3;7.9;2;2;1
0;174.1;7.7;2;2;0
0;175.7;9.1;2;2;0
1;256.5;13;1;3;0
0;170.2;4.3;0;3;0
0;139.6;10.8;1;4;0
0;208.8;12.5;4;4;0
0;210.1;14.4;4;2;0
0;113.6;10.5;2;6;0
0;202.6;8.3;0;3;0
0;174.4;0;4;0;0
0;210.6;9.4;0;5;0
0;121.5;10.7;1;4;0
0;127.8;15.9;2;2;0
0;135.2;10.2;2;2;0
0;99.4;16.7;2;3;0
0;276.9;10.3;1;3;1
0;163.4;11.6;2;2;1
0;287.4;5;4;3;1
0;120.5;10.2;1;3;0
0;184.1;9.8;2;3;0
0;185;14.9;3;4;0
0;160.9;12.9;1;12;0
0;207.6;10.9;2;6;0
0;209.2;11.8;1;6;0
1;158.4;2.1;1;4;0
0;149;8.6;2;3;1
0;204.5;9.8;0;2;0
0;288.8;9.5;0;2;1
0;108.6;13.4;0;4;0
0;97.5;7;1;5;0
0;166.5;13.3;0;5;0
0;156.2;7.3;1;5;0
0;225.2;11.5;4;1;0
1;287.4;10;1;3;1
0;175.3;7.8;0;2;0
0;102.1;9.8;0;5;0
0;157.9;14;0;2;0
0;146.5;4.1;1;4;0
0;245.8;9;1;13;1
1;177.7;10.5;1;5;0
1;250.8;10;2;5;0
0;117.8;11.8;0;4;1
0;119.7;12.9;2;7;0
0;242.2;8.2;5;3;1
0;163.4;9.8;7;4;0
0;161;8.4;3;4;0
0;128.7;10.3;1;5;0
0;81.6;8.6;1;18;0
0;207.7;7.3;1;1;0
0;128.6;6.3;6;2;1
0;233.3;9.1;1;4;0
0;182.1;10;5;3;1
0;168;8;6;2;1
0;251.6;5.4;1;5;0
0;183.8;11.6;0;7;0
0;256.4;7.9;3;1;1
0;180.2;8.4;1;3;0
0;227.8;8;1;5;0
0;147.8;10.2;0;6;0
0;234.9;13.9;1;2;1
0;110.9;7.9;2;2;0
0;124.5;6.4;1;12;0
1;233.5;9.6;0;2;1
0;197.3;10.1;2;4;1
0;58.2;10.4;0;5;0
0;212.7;7;1;6;0
0;151.5;11.8;0;4;0
1;146.3;11.5;1;5;0
0;195.1;6.7;0;2;0
0;208.9;13;1;5;0
0;135.7;8.8;7;3;1
0;225.9;14.3;3;3;1
0;122.2;9.7;1;6;0
0;153.3;8.9;2;5;0
0;214;7.9;1;4;0
0;194.8;10.8;1;6;0
0;206.7;11;3;5;0
0;188;10.5;2;3;0
1;122.3;13.7;3;3;1
0;259.3;12;3;5;0
1;115.1;13.8;2;3;1
0;172.9;8.3;1;6;0
1;156.4;7.3;1;5;0
0;128.1;11.6;1;3;0
0;196.6;12.5;1;3;0
0;227.9;5.5;1;7;1
0;194.9;13.2;2;2;0
0;44.9;13.3;1;3;0
0;262.8;7.8;0;2;0
0;211.2;12.3;0;3;0
0;204;9.6;1;5;0
0;223.2;14.5;3;4;0
0;119;11.5;1;3;0
0;266.1;8.9;3;8;1
0;134.4;9.4;1;3;0
0;171.1;16.2;1;3;0
0;170.5;10.5;2;2;0
0;178.5;9.9;1;7;0
0;205.2;14.1;3;5;0
0;232.8;13;0;2;0
0;239.9;6.7;5;3;0
0;55.6;12.1;2;3;0
0;153.5;10.6;1;3;0
0;109.8;11.1;1;3;0
0;196.1;5.2;2;6;0
0;166.8;11.8;0;4;0
0;113.2;7.1;2;7;0
0;203;14.6;1;9;0
0;242.8;6;5;3;0
0;156.5;12.2;2;2;0
0;266.7;13.8;3;3;1
0;182;9.8;1;4;0
0;85.9;10.1;0;2;0
0;146.6;2.9;0;7;0
0;110.5;13.9;4;2;1
0;118.6;11.5;1;5;0
0;197.6;15.6;2;12;0
0;210.3;10.8;6;4;0
0;220.3;9.4;4;6;0
0;150;12.5;1;6;0
0;161.7;9.2;0;4;0
0;191.4;14;3;5;0
1;146.7;12.5;3;3;0
0;109.4;7.8;1;7;0
0;144.1;13.6;1;3;0
0;248.9;11.2;1;8;0
0;85.7;11.6;4;3;1
0;214.8;9.4;3;5;0
0;158.9;6.5;0;4;0
0;110;6.4;2;3;0
0;152.8;10.5;1;2;0
0;145.6;10.5;0;4;0
0;93.3;6.5;0;4;0
0;216.8;8.3;0;2;0
0;201.9;9;1;2;0
0;146.4;8.5;1;2;0
0;272.7;10.5;2;3;1
0;18.9;14.8;1;4;0
0;172.8;12.8;2;5;0
0;190.2;14;0;6;0
0;130.6;15.6;3;3;0
0;158.4;13.5;4;4;1
0;166.5;15.6;1;2;0
0;129.3;12.9;2;2;0
0;199.3;7;0;10;0
0;185.1;9.1;0;7;0
0;175.4;9.7;2;2;0
0;263.4;10.7;2;2;0
0;94.2;7.3;1;3;0
0;189.4;7.1;3;8;0
0;118;11.8;2;2;0
0;212.1;8.4;3;5;0
0;222;12.4;2;6;0
0;222.8;13;0;4;0
0;190;12.2;1;2;0
0;271.8;8.7;4;2;1
0;195.4;8.4;3;6;0
0;199.6;7.2;3;5;0
0;100;10.1;0;4;0
0;160.6;9.5;2;1;0
0;158.7;9.9;1;3;0
0;154.5;12;3;2;1
0;192.3;6.3;1;12;0
0;305.1;8.5;0;5;1
0;193;7.4;2;5;0
0;72.5;6.6;1;3;0
0;105.2;6.3;2;3;0
0;180.5;10;2;3;0
0;214.7;14.3;0;2;0
0;86.8;13.2;1;3;0
0;131.5;7.9;5;2;1
0;135.4;17.5;0;4;0
0;174.3;5.9;6;3;0
0;203.9;12.1;3;4;0
0;235.5;12.5;0;5;0
0;157;12.1;2;2;0
1;111.9;10;3;7;0
1;236.3;11.2;3;8;0
0;163.6;8.6;0;9;0
0;213.6;8.9;1;3;0
0;143.4;9.4;3;4;0
0;78.3;12.1;1;4;0
0;97.1;10.6;1;3;0
0;94.1;10.1;0;2;0
0;226.3;8.2;2;3;1
0;133.8;10.5;1;2;0
0;190.3;10.6;1;4;0
0;294.9;9.8;3;5;0
0;185.4;10;2;11;0
0;179.5;12;0;4;0
0;158;10.1;0;10;0
0;173;10.4;0;2;0
0;134.2;8.2;1;5;0
0;125.2;12.6;3;9;0
0;195.9;13.2;2;1;0
0;214.2;10.3;0;2;0
0;221.1;9.5;0;1;0
0;132;11.6;1;5;0
0;157.6;9.1;1;4;0
0;110.3;11;2;8;0
1;161.5;11.2;0;13;0
0;171.8;10.6;1;7;0
0;211;11.4;1;5;0
0;139.3;9.3;7;3;1
0;291.6;14;2;9;1
0;139;12.1;0;1;0
0;234.8;10;4;1;0
0;187.6;8.8;1;1;0
0;159.8;13.1;2;7;0
0;177.1;5.2;1;5;0
0;117.9;11.4;0;10;0
0;247.6;10.8;2;6;0
0;169.9;8.5;1;7;0
0;185;14.1;3;3;0
0;204.9;11.3;0;5;0
0;225.5;9.4;3;2;0
0;169.7;10.5;4;3;1
0;239.3;10.6;0;6;0
0;113.3;11.7;4;2;1
0;161.9;10.2;3;11;0
0;133.3;5.6;2;4;0
0;170.7;8.7;3;1;0
0;189.7;8.3;5;3;0
0;322.3;7.8;2;5;1
0;124.4;10.4;2;4;0
0;146.9;11.4;3;5;0
0;192.6;10.8;1;3;0
0;96.3;10.3;1;2;0
0;131.9;14.7;3;5;0
0;147.2;13.3;2;3;0
0;143.1;7.1;2;5;0
0;280.4;15.2;5;6;0
0;237.2;10.7;1;4;0
0;184.2;12.8;2;4;0
0;109.1;10;3;4;0
0;138.1;10.3;5;2;1
0;186.8;8.8;3;4;0
0;155.4;13.9;1;5;0
0;245.3;8.5;4;4;0
1;205.9;11;0;2;1
0;207.2;11.9;1;4;0
0;151.5;10.7;2;5;0
0;221.9;7.1;0;5;1
0;190;9.5;1;4;0
0;220.8;10.5;2;4;0
0;173.7;6.3;2;3;0
0;114.8;9.6;2;4;0
0;113.8;10.4;3;1;0
1;143.2;6.2;4;4;1
0;184.4;9.3;3;5;0
0;227.4;7.8;1;6;0
0;224;2.1;0;5;0
0;216.2;10;2;5;0
0;129.9;13.3;0;3;0
0;230.1;6.9;2;3;0
0;204.4;11;1;5;0
0;216.6;9.1;1;3;0
0;247.5;10.2;2;2;1
0;228.1;9;1;2;0
0;225.9;11.2;1;4;1
0;103.5;12;4;3;1
0;115.5;7.5;0;6;0
0;218.8;9.7;1;6;0
0;223.8;12.3;3;5;0
0;143.8;12.9;3;4;0
0;29.9;8.6;2;6;0
0;276.7;8.3;0;3;0
0;141.4;8.1;0;4;0
0;153.9;12.8;1;5;0
0;190.5;13.8;0;5;0
0;192.6;9.4;1;4;0
1;151.8;12.2;1;4;0
0;215.6;10.1;5;4;0
0;180;7.8;3;8;0
0;157.3;8.4;2;4;0
0;196.5;6.8;0;3;0
0;240.3;11.9;0;3;0
0;193.3;9.4;3;6;0
0;211.9;5.4;1;4;0
1;218.7;8.2;1;5;0
1;246.8;13.2;0;5;1
0;174.7;15.8;6;3;1
0;240;9.3;0;2;1
0;181.2;5;2;3;0
0;113.7;10.8;1;3;0
0;174.7;13.4;0;1;0
0;211.1;9.7;2;9;0
0;169.3;12.2;1;3;0
0;247.4;11.3;0;2;0
0;131.2;12.8;2;2;0
0;161.4;11.8;1;5;0
1;107.2;9.7;1;4;0
0;211.9;8.8;1;5;0
0;160.4;6.9;3;4;0
0;230.7;6.4;1;3;0
0;232.6;10.5;1;9;0
0;294.7;10.8;1;3;1
0;133.4;10.2;1;13;0
0;306.2;11.7;0;2;0
0;236.8;10.4;2;5;0
1;125.7;14.2;3;6;1
1;168.4;11.4;1;3;0
0;70.9;12;2;6;0
0;105;3.7;0;4;0
0;152.1;12;1;7;0
1;180.9;8.8;3;9;0
0;156.6;9.4;1;6;0
0;180.5;2.4;0;3;0
0;238.8;13.2;1;8;0
0;182.1;13.4;2;9;0
0;139.6;8.8;2;2;0
0;200.3;10.2;0;5;0
0;153.5;8.5;1;6;0
1;128.2;11.7;3;6;0
0;159.5;16.7;2;2;0
0;226.4;12.3;3;4;1
0;251.9;8.4;2;3;0
0;264.5;7.5;2;4;1
0;153.7;10.7;0;2;0
0;232.1;15;5;6;0
0;201.9;7.8;1;10;0
0;186.9;4.2;1;14;0
0;196.6;6.6;1;5;0
0;232.1;9.9;1;3;0
0;166;6.3;0;7;0
0;200.6;2.5;1;5;0
0;141;4.9;3;2;0
0;245;7.5;0;8;0
1;140.8;10.9;1;7;0
0;255.1;8.8;3;3;1
0;125;10.2;2;7;0
0;180.6;5;1;3;0
1;248.7;11.3;1;2;1
0;178.1;8.4;0;2;0
1;122.2;10.3;5;9;1
0;231.3;7.2;1;7;0
0;111.2;12.6;3;2;0
1;103.2;11.9;0;2;1
0;138.4;3.9;4;9;1
0;146.3;11.5;0;3;0
0;206.3;11.7;0;6;0
0;132;13.5;0;4;0
0;274.6;9.2;2;4;0
0;185.3;11.7;0;3;0
0;154.8;9;1;4;0
0;179.2;14.7;1;5;0
1;286.2;11;2;4;1
0;268;17;3;1;0
0;137.5;13.3;2;5;0
0;243;13.4;2;5;0
0;134.9;15;1;2;0
0;234.2;13.9;1;2;0
0;175.1;7.3;1;6;0
0;142.2;10.1;1;5;0
0;132.4;6;2;1;0
0;97.8;5.9;0;2;0
0;266.9;11;3;6;1
0;155.2;9.7;3;4;0
0;200.2;8.8;1;3;0
0;289.1;12.7;2;2;1
1;198.4;10.5;1;5;0
0;180.3;12.8;2;6;0
0;86.3;12.5;2;1;0
0;295;12.9;2;4;1
0;240.9;14.7;3;8;0
0;207.7;8;1;5;0
0;128.5;0;1;0;0
0;224.4;8.8;1;2;0
0;164.9;10;2;9;0
0;238;10.6;2;6;0
0;231;8.3;2;5;0
0;107.3;10;4;3;1
0;185;5.1;1;8;0
0;244.1;7.7;3;4;0
0;238.4;12.4;3;4;0
0;141.1;13.2;1;2;0
0;158.1;11.8;0;7;0
0;220.1;13.1;0;8;0
0;199.5;10.9;4;3;1
0;109.5;4.9;1;9;0
0;187.2;13.2;1;5;0
0;107.9;0;0;0;0
1;172.1;13.9;1;20;1
0;203.8;11.7;1;4;0
0;160;9.1;0;4;0
0;51.1;12.3;1;3;0
0;227.7;11.7;1;5;0
0;203.8;9;1;2;0
0;241.7;11.3;1;3;0
0;78.1;12.3;1;4;0
0;187.8;11;2;4;0
0;127.1;7.1;1;3;0
0;280;10.4;0;4;1
1;153.2;7.8;1;3;0
0;137.1;11.5;2;7;0
1;186.1;13.8;4;5;1
0;224.1;11.5;2;7;0
0;83.6;8.1;1;3;0
0;203.9;17.8;4;4;0
0;211.3;13.3;1;6;0
1;219.4;12;4;4;0
0;190.4;13.6;2;17;0
0;147.7;6.9;2;5;0
0;229.9;14.2;2;4;0
0;102.8;10;1;5;0
0;178.7;9.1;1;4;0
0;148.5;6.5;0;4;0
0;164.1;12.3;0;9;0
1;197.2;7.8;1;8;0
0;124.9;11.6;2;4;0
0;115.4;15.9;3;6;0
1;140;9.7;4;4;1
0;193.9;13.2;3;8;0
0;321.1;11.5;4;2;1
0;118.4;13.6;5;3;1
0;169.8;11.6;1;4;0
0;193.4;9.3;2;4;0
0;106.6;14.9;1;7;0
0;134.7;11.8;2;5;0
0;156.2;9.9;2;6;0
0;231.1;9.6;3;4;0
0;180.8;14.1;2;6;0
1;213.8;5;2;10;0
0;234.4;13.7;0;4;0
